pertanyaan,label
"Internet mati nih”
Harga STB berapa ya?”",Problem
Internet saya putus sambung,Problem
Mengapa saya tidak dapat mengisi formulir relokasi? setelah disubmit hanya blank,Information
mengapa ketika ingin melakukan pembayaran tidak dapat diproses?,Information
bisa dibantu informasikan prosedur pergantian paket layanan?,lainnya
apakah untuk pergantian paket layanan bisa sekaligus bundling promo tahunan?,Information
apakah jika saat proses pergantian paket layanan melalui Apps MyBiznet  terdapat kendala salah order bisa dicancel?,Information
Internet mati,Problem
apakah order promo bisa diproses berkali-kali?,Information
Internet saya mati min dari semalam,Problem
sudah dicoba restart tapi masih sama,lainnya
apa saja syarat untuk pergantian nama akun biznet?,Information
berapa lama proses pergantian nama akun biznet?,Information
apakah bisa request pemisahan akun jika dalam satu akun terdaftar 2 billing pembayaran?,Information
saya mau pasang baru,Information
Ingin pasang baru,Information
apakah untuk pergantian email dan nomor telepon terdaftar harus mengisi form pergantian data?,Information
Ingin pasang baru di jonggol paket 0d,Information
bogor gunung putri,lainnya
boleh bantu ke cs ya,lainnya
Perum BDB 2 blok AS 12A rt 06 rw 13,lainnya
syarat relokasi apa saja?,Information
cara mengecek cakupan area melalui apa ya?,lainnya
proses relokasi berapa lama?,Information
bilamana alamat baru belum tercakup layanan biznet apakah akun saya bisa dialihkan ke orang lain?,Information
"bilamana alamat baru belum tercakup layanan biznet, syarat terminasi apa saja?",Information
setelah pengisian form terminasi saya harus menunggu berapa lama untuk akun diterimasi?,Information
jika saya terminasi sebelum masa kontak langganan berakhir dikarenakan alamat baru belum tercakup apakah  tidak dikenakan biaya pinati?,Information
bilamana kedepannnya saya ingin berlangganan kembali apakah bisa menggunakan akun yang sebelumnya?,Information
apakah bisa freeze akun?,Information
apakah bisa jika saya tidak bayar sebulan karena akan keluar kota?,Information
jika saya tidak melakukan pembayaran sebulan apakah dikenakan pinalti?,Information
bagaimana cara pendaftaran kartu kredit?,Information
apa saja paket yang tersedia di biznet?,lainnya
bagaimana cara beli modem?,Information
ini kenapa ya los merah menyala pada modem saya?,Problem
bisa dicek ID pelanggan 1000308564 los meah menyala sejak pagi?,Information
los merah menyala sejak pagi,Problem
"pada modem saya lampu merah menyala sejak pagi, bisa dicek?",Information
apakah ada kompensasi jika koneksi internet biznet terputus berhari-hari?,Problem
"bagaimana jika saya salah melakukan pembayaran ke akun biznet orang lain, apakah uang saya bisa direfund?",Information
Kamu sebagai apa di biznet,lainnya
Apa kah kamu kenal dengan pak Adi,lainnya
Siapa owner biznet,lainnya
Itu kamu tau pak Adi owner biznet tadi ditanya gak tau,lainnya
Saya minta no WhatsApp nya dong,lainnya
Estimasi kunjungan teknisi biznet,Problem
Channel IPTV Biznet apa aja ya ?,lainnya
Mau refund dana Biznet,lainnya
Beberapa website tidak bisa diakses,lainnya
Bagaimana cara cek IP Server game valorant ?,lainnya
Berapa jarak ideal dari DP terdekat ke rumah untuk pemasangan ?,lainnya
cara relokasi layanan,Information
PSN tidak bisa konek,lainnya
Chromecast tidak bisa digunakan.,lainnya
Perbedaan frekuensi modem 2.4Ghz dan 5Ghz .,Information
Modem biznet wifi berapa ?,Information
Apakah modem Biznet sudah support wifi 6 ?,Information
Perbedaan wifi 5 dan wifi 6 modem ?,Information
Mau mengajukan sponsorship,lainnya
saya salah melakukan pembayaran ke akun orang lain,Information
Apa kelemahan koneksi dengan fiber ?,lainnya
Kelemahan koneksi wifi,lainnya
fungsi parental control modem dan caranya,Information
Fungsi whitelist di modem,Information
fungsi blacklist modem,Information
Apa itu DDNS ?,lainnya
Bagaimana cara mengatur DDNS ?,lainnya
cara pembayaran Biznet Home.,Information
Kuota habis,lainnya
Kuota saya tidak ter reset,lainnya
Kenapa Biznet tidak bisa menggunakan DNS Google .,lainnya
Rekomendasi router dari Biznet,Information
Rekomendasi router tambahan dari Biznet,Information
Internet saya down sudah 2 hari apa ada kompensasi ?,lainnya
Minimal speed yang didapatkan layanan 0D ?,lainnya
Balik nama akun.,Information
Berapa perangkat untuk 0D ?,lainnya
Apa itu Biznet Wifi ?,lainnya
Hotspot Biznet,lainnya
Cara ganti layanan home ke metronet,lainnya
Internet saya down sejak semalam,lainnya
informasi harga paket area manado min,lainnya
promo berlangganan 2D buy daerah bogor,Information
mau beli ekstra kuota gimana,lainnya
email biznet home,lainnya
HOTLINE biznet home,lainnya
harga promo 1D 12+5 jakarta,Information
Ping tinggi,lainnya
CCTV saya tidak berfungsi dengan koneksi biznet sementara koneksi lain tidak ada kendala.,lainnya
Saya tidak bisa akses App Biznet,lainnya
Tidak dapat membuka halaman aplikasi di situs https://app.biznet.id.,Information
Tidak dapat membuka halaman aplikasi di situs https://app.biznet.id.,Information
Saya tidak bisa akses App Biznet,lainnya
Tidak dapat login ke akun Anda di https://app.biznet.id.,Information
cara cek coverage area,lainnya
Apakah saya bisa menambah Add On IPTV ?,lainnya
Apa syarat untuk berhenti berlangganan ?,Information
cara pasang router tambahan,Information
kok bandwidth yang kudapat ngga sesuai sih???,lainnya
iya router seperti tenda,Information
kapan teknisinya datang,Problem
kok tanggal jatuh tempo nya maju terus ya?,lainnya
Adakah perubahan nomor pelanggan utk biznet saya?,lainnya
Adakah perubahan nomor ID pelanggan utk biznet saya?,Information
Kenapa My Biznet saya ada 2 akun atas nama orang lain?,Information
Saya tidak dapat mengirim dan menerimal email,lainnya
apakah untuk pergantian paket layanan bisa sekaligus bundling promo tahunan?,Information
modemnya rental sampai kapan ya?,Information
apakah jika saat proses pergantian paket layanan melalui Apps MyBiznet  terdapat kendala salah order bisa dicancel?,Information
apakah bisa request pemisahan akun jika dalam satu akun terdaftar 2 billing pembayaran?,Information
apakah untuk pergantian email dan nomor telepon terdaftar harus mengisi form pergantian data?,Information
syarat relokasi apa saja?,Information
bilamana alamat baru belum tercakup layanan biznet apakah akun saya bisa dialihkan ke orang lain?,Information
jika saya terminasi sebelum masa kontak langganan berakhir dikarenakan alamat baru belum tercakup apakah  tidak dikenakan biaya pinati?,Information
apakah bisa jika saya tidak bayar sebulan karena akan keluar kota?,Information
tanggal berapa biasanya akan terdebet?,lainnya
tanggal berapa cc biasanya akan terdebet?,lainnya
untuk permintaan add on kouta bisa melalui apa saja?,lainnya
bisa diinformasikan untuk reset kouta setiap tanggal berapa?,lainnya
bisa dicek ID pelanggan ini 1000308564 los merah menyala?,Problem
di nabire sudah kaver belum,lainnya
apakah bisa cek status internet saya,lainnya
koneksi terputus,Problem
kalo lambat gmn,Problem
kalo internet lambat gmn ceknya,Problem
Apakah bisa melakukan perubahan paket?,lainnya
"Mau tanya, kalo ini pingnya sesuai ga?",lainnya
Cara relokasi,Information
cara tau jumlah prangkat terhubng gimana,lainnya
cara membeli promo,Information
di batam ada layanan apa aja,lainnya
kapan teknisi datang,Problem
internet saya ada loss merah,lainnya
cara mengetahui cakupan area,lainnya
call center homecare,lainnya
berapa suhu modem seharusnya,Information
internet saya lambat,Problem
Nomor call center homcare berapa,lainnya
harga promo home internet 1D,Information
mau nambah router min jual ngga,Information
estimasi perbaikan kendala area sampai kapan?,lainnya
harga mesh wifi berapa?,lainnya
mau nambah router min jual ngga,Information
Estimasi waktu relokasi,Information
mau nambah router min jual ngga,Information
cara berlangganan biznet,Information
internet Down,lainnya
Harga visit berbayar,Information
cara order promo min,Information
cara pengajuan auto debit,lainnya
cara melakukan terminasi,lainnya
harga IPTV,lainnya
Apakah perubahan paket menghanguskan masa aktif?,lainnya
cara login ke mybiznet,Information
cara cek fup atau kuota,lainnya
pembelian IPTV,lainnya
"Kak, saya mau pasang wifi di alamat yg berbeda. Saya juga sempet tanya ke sales area jl h hasan kelurahan baru, an Mas Zikri. Tp contact beliau tidak bisa dihubungi lagi",lainnya
min modem saya hilang,Information
mau masuk ke modem?,Information
iya min cara akses ke modem mau ganti password,Information
cara cek tanggal reset kuota?,lainnya
kendapa speed test lemah ya?,lainnya
Saya ada kendala login ke app Biznet sudah ganti password ngak bisa masuk2,Information
prediksi cuaca hari ini min,lainnya
cara relokasi,Information
Minta kompensasi karena internet kendala terus,lainnya
cara melakukan terminasi,lainnya
cara mengganti password wifi,Information
cek lokasi dong,lainnya
"Ka gmna ya sayang udah beres payment dari hari jumat janji di pasang sore ternyata gabisa katanya paling lambat pagi besok nya, tapi sampe sekrang belum datang datang gmna yah",Problem
harga promo biznet home internet 2D modem beli,Information
harga modem biznet,Information
Modem saya ada lampu merahnya min?,Information
Jadwal reset fup,lainnya
sudah bayar tapi masa aktif gak sesuai kak?,Information
cara upgrade layanan,Information
jaringan saya putus sambung,Problem
"Mau berhenti berlangganan, Belum pasti nanti akan digunakan kembali atau tidak Pak",Information
cara melakukan pembayaran melalui virtual account BCA,Information
cara melakukan pembayaran melalui virtual account BCA,Information
cara melakukan pembayaran melalui virtual account BCA,Information
cara order promo,Information
cara melakukan relokasi,Information
Saya mau pindahin modem gimana caranya?,Information
Minta kompensasi karena internet kendala terus,lainnya
biaya relokasi,Information
wifi saya bermasalah,lainnya
Kenapa reminder tidak masuk WA atau sms?,lainnya
Apakah ada promo untuk bulan ini?,Information
cara order promo,Information
Harga biznet home internet 1D,lainnya
Ini kenapa ada biznet autodebet yg sudah saya cancel masih tetep masuk ya tagihannya ke credit card saya,Request
internet saya bermasalah,lainnya
Virtual account BCA,lainnya
Virtual account permata,lainnya
Cara mengetahui id billing,lainnya
cara registrasi kembali,Information
harga home internet 0D,lainnya
cara mengetahui masa aktif akun,Information
cara order modem biznet,Information
saya sudah bayar tapi belum aktif?,Information
kenapa bayar di atas jam 12 malam gak langsung aktif internetnya?,Information
Cara pembayaran melalui tokopedia,Information
cara restart modem,Information
cara terminasi,lainnya
cara menambah installasi biznet,lainnya
Promo untuk pelanggan baru?,Information
mau ajuin perluasan wilayah gimana caranya?,lainnya
cara menemukan sn modem,Information
cara mengetahui jumlah perangkat yang terhubung,lainnya
"Teman saya pelanggan Biznet kok dapat gratis kesehatan, saya tidak dapat?",lainnya
cara setting ke bridge,lainnya
cara mengetahui nomor pembayaran baru,Information
cara order promo melalui Mybiznet,Information
can you speak english?,lainnya
cara mendapatkan form relokasi,Information
"Hai, my connection internet is so bad, can you help me?",lainnya
cara add on kuota,lainnya
Biaya pinalty terminasi,Request
Cara setting CCTV?,lainnya
lampu modem loss merah,Information
cara setting CCTV pakai jaringan biznet,Problem
nomor call center biznet home,lainnya
cara reset password mybiznet,Information
cara merubah e-mail terdaftar,Information
internet saya down dari semalam,lainnya
Harga mesh wifi berapa,lainnya
Harga paket yang tersedia di Biznet Home,lainnya
Harga paket yang tersedia untuk di Sumatera,lainnya
Apakah layanan Biznet Home dikenakan kontrak,lainnya
Apakah masa kontrak berlaku untuk pelanggan yang membeli modem?,Information
"Jika kuota utama habis, apakah internetnya tidak bisa digunakan?",lainnya
Apa itu FUP,lainnya
Kapan kuota akan direset,lainnya
Apakah masa aktif terhitung 30 hari?,lainnya
Apakah Biznet Home memiliki promo,Information
Apakah Biznet Home memiliki kompensasi,lainnya
Apakah Biznet dapat melakukan refund jika terjadi kesalahan pembayaran?,Information
cara mengetahui masa aktif akun,Information
Harga IPTV,lainnya
Apakah benar di beberapa area tidak diperlukan modem atau perangkat?,Information
Bagaimana cara terminasi,lainnya
Bagaimana cara relokasi,Information
Bagaimana jika ingin relokasi namun alamat barunya tidak tercakup,Information
Internetnya lambat,Problem
Apakah Biznet ada pemblokiran IP,lainnya
Berapa maksimal device pada layanan 0D,lainnya
Berapa maksimal device pada layanan 1D,lainnya
Berapa maksimal device pada layanan 2D,lainnya
Berapa maksimal device pada layanan 3D,lainnya
Apakah bisa memiliki lebih dari 1 akun?,Information
Berapa lama proses pemasangan setelah dilakukan pembayaran,Information
Apakah dikenakan biaya jika alamat instalasi menggunakan jalur kabel bawah tanah?,Request
Berapa biaya instalasi,Request
Berapa harga modem membeli dan menyewa,Information
Apakah Biznet memiliki masa tenggang?,lainnya
Apakah modem bisa diganti jika terjadi kerusakan,Information
"Jika akunnya sudah diterminasi, apakah bisa berlangganan kembali",Information
Apakah ada garasi pada pembelian modem?,Information
Apakah ada garansi pada pembelian modem?,Information
Apakah ada garansi pada perangkat Biznet IPTV STB,lainnya
Berapa biaya relokasi,Information
"Jika skema modem diawal menyewa, apakah bisa dilakukan pembelian",Information
Apakah dikenakan biaya jika ingin downgrade layanan?,Request
Bagaimana cara relokasi,Information
cara mengetaui billing ID,lainnya
cara pembayaran,Information
cara mengambil promo,Information
cara mengecek coverage area,lainnya
Apakah biznet memiliki SLA,lainnya
Bagaimana cara memperluas jangkauan modem,Information
Bagaimana mana cara memperluas jangkauan sinyal,lainnya
Jika terdapat LOS merah di modem apakah yang harus dilakukan,Problem
Bagaimana jika speed yang didapatkan tidak sesuai,lainnya
Apakah Biznet dapat dilakukan refund jika pelanggan tidak puas dengan layanannya,lainnya
Harga mesh wifi berapa,lainnya
Apakah Biznet menyediakan kabel LAN,lainnya
"Jika terdapat kendala pada adaptor, apakah bisa diganti",lainnya
Bagaimana cara pembelian remote untuk STB,lainnya
Bagaimana jika IPTV hanya blank hitam saja,lainnya
Bagaimana cara restart STB,lainnya
Bagaimana cara restart modem,Information
Apakah biznet memiliki layanan bandwidth on demand,lainnya
bagaimana cara registrasi Biznet,Information
Via portal apa saja untuk menghubungi Biznet customer service,lainnya
Apakah biznet metronet memiliki SLA,lainnya
paket yang miliki ip public,lainnya
Apakah layanan Biznet Home upload dan downloadnya simetris,lainnya
Bagaimana cara agar koneksi internet tetap stabil,lainnya
"Jika banyak perangkat yang terhubung pada modem, apakah akan berpengaruh pada speed yang didapatkan?",Information
"Jika FUP yang digunakan sudah melebihi pemakaian, apa yang akan terjadi",lainnya
call center homecare,lainnya
kalo nomor telepon Home care berapa ya? saya mau call,lainnya
Apakah jika banyak perangkat yang terhubung dapat mempengaruhi FUP,lainnya
cara order promo min,Information
Bagaimana cara pembelian extra kuota,lainnya
Apakah bisa berlangganan kembali jika sudah melewati masa tenggang selama 45 hari,Information
"jika ingin menambahakan akun, apakah bisa menggunakan identitas yang sama",Information
Apakah bisa menggunakan e-mail dan nomor telepon yang sama,lainnya
apakah Biznet Home mengeluarkan invoice fisik,Request
Internet saya down bisa di bantu cek?,lainnya
Berapa biaya visit berbayar,Information
bagaimana cara merubah data,lainnya
cara mengajukan perpindahan tiang biznet sebagai non customer,lainnya
Bagaimana prtosedur relokasi?,Information
Apa status modem saya?,Information
jika modem saya rusak apakah bisa dilakukan pergantian?,Information
bagaimana cara cek IP address saya?,lainnya
bagaimana cara lihat jumlah perangkat yang terhubung ke modem saya?,Information
Berapa meter jarak ideal pemakaian wifi dari modem biznet,Information
apakah ada loker di Biznet,lainnya
apakah modem biznet bisa digunakan kembali jika saya pernah ajukan terminasi?,Information
apakah akun saya bisa dialihkan ke orang lain?,Information
apakah KTP yang sudah saya daftarkan bisa didaftarkan lagi?,Information
Apakah mybiznet ada aplikasinya di playstome atau appstore?,Information
apakah bisa ajukan terminasi melalui MyBiznet?,Information
apakah modem biznet bisa diganti dengan modem yang saya beli sendiri di luar?,Information
bagaimana cara mengganti password wifi,Information
apakah jaringan biznet bisa diperjual belikan lagi?,Problem
bagaimana cara mengganti SSID wifi,lainnya
bagaimana cara membuat pembayaran menjadi auto debet,Information
kapan akan dikirimkan reminder pembayaran,Information
berapa meter jangkauan modem biznet,Information
apakah jaringan Biznet free hotspot diluar bisa saya gunakan?,Problem
bagaimana cara berlangganan internetnya saja tanpa iptv,Information
apakah perkantoran bisa menggunakan layanan Home?,lainnya
paket yang disarankan jika ingin menggunakan cctv,lainnya
bagaimana cara menambahkan kartu kredit,lainnya
apakah akun saya bisa dialihkan ke non FUP?,Information
bagaimana cara memberhentikan kartu kredit,lainnya
jika FUP saya habis apakah inet saya masih bisa digunakan?,lainnya
apakah biznet menyediakan modem wireless?,Information
bagaimana jika ingin terminasi namun terdapat kartu kredit,lainnya
Apakah perangkat akan diambil jika modemnya membeli,Information
apakah tidak ada promo pembelian modem?,Information
Apakah bisa dilakukan rekoneksi,lainnya
apakah cabang gunung putri buka setiap hari?,lainnya
Apakah tiang biznet berwarna kuning,lainnya
apakah boleh saya datang ke cabang?,lainnya
Harga internet 1DS,lainnya
Harga internet 0DS,lainnya
Harga internet 3DS,lainnya
Harga internet 1DW,lainnya
Harga internet 2DW,lainnya
Harga internet 3DW,lainnya
Apakah Free Extra Quota hanya untuk pelanggan baru atau existing,lainnya
Ip yang didapatkan pada paket 1D,lainnya
bagaimana cara ubah password akun mybiznet?,Information
cara stop auto debet?,lainnya
layanan IPTV biznet bisa terhubung ke berapa TV?,lainnya
apakah stb tv biznet bisa ditukar jika rusak?,lainnya
Mengapa masih mendapatkan reminder tagihan padahal sudah mengajukan relokasi,Information
apakah dapat menchandise jika pemasangan biznet?,lainnya
Mengapa masih mendapatkan reminder tagihan padahal sudah mengajukan terminasi,Request
berapa harga remote iptv?,lainnya
Apakah biznet menyediakan Merchandise,lainnya
Apakah biznet melakukan pemblokiran port,lainnya
apakah remot tv iptv bisa beli diluar biznet?,lainnya
bagaimana cara melakukan pergantian password pada akun MyBiznet,Information
Apakah sinyal modem akan mencakup seluruh ruangan,Information
Apakah Biznet ada channel GBO,lainnya
Apakah Biznet ada channel HBO,lainnya
berapa lama proses installasi biznet?,lainnya
apakah relokasi modem biznet bisa saya relokasi mandiri?,Information
Halo internet saya down sejak kemarin bisa di cek,lainnya
mengapa saya tidak bisa akses google.com menggunakan koneksi biznet?,lainnya
Mengapa tidak bisa menggunakan DNS lain?,lainnya
apa itu DNS?,lainnya
Apakah bisa dilakukan perubahan atas nama,lainnya
apa itu IP?,lainnya
Apakah biznet home mengeluarkan faktur pajak,lainnya
apa bedanya IP static dan IP dinamic?,lainnya
"Apakah setiap melakukan pembayaran, pelanggan akan menerima konfirmasi pembayaran berhasil",Information
Apakah Biznet Home bisa melakukan perubahan nama atas nama PT,lainnya
Apakah bisa dilakukan perubahan paket dari Biznet Home ke Biznet Metronet,lainnya
apa arti Biznet?,lainnya
cara melakukan pembayaran via bank BRI,Information
apakah biznet pempunya layanan telepon?,lainnya
cara melakukan pembayaran via bank Mandiri,Information
cara melakukan pembayaran via Tokopedia,Information
cara melakukan pembayaran via Bank BCA,Information
Apakah layanan home memiliki jatuh tempo,lainnya
Apakah layanan home memiliki jatuh tempo setiap bulannya,lainnya
packet loss,lainnya
promo,Information
TV tidak bisa koneksi internet,lainnya
Smart TV saya terkendala,lainnya
STB Communication Error,lainnya
STB Connection Error,lainnya
Cara Factory Reset STB,lainnya
Cara melihat device yang terhubung di modem.,Information
weak security pada iphone,lainnya
Rekomendasi router untuk game,Information
ping jumping,lainnya
Ada promo 3+1 ga,Information
youtube nya putus putus,Problem
sudah restart modem tapi masih sama,Information
bisakah datangkan teknisi,Problem
oi putus nih inetnya,Problem
apa status modem saya?,Information
kenapa koneksi saya putus-putus?,Problem
Apakah masa kontrak berlaku untuk pelanggan yang membeli modem?,Information
Apakah dikenakan biaya jika alamat instalasi menggunakan jalur kabel bawah tanah?,Request
Apakah MyBiznet bisa menampilkan banyak akun,Information
bagaimana cara mengganti password wifi,Information
kapan akan dikirimkan reminder pembayaran,Information
apakah biznet menyediakan modem wireless?,Information
apakah tidak ada promo pembelian modem?,Information
dimana kantor pusat biznet?,lainnya
apakah Biznet bisa membayar pasca bayar,Information
Apakah Free Extra Quota hanya untuk pelanggan baru atau existing,lainnya
Perbedaan IP Dynamic Private dan IP Public Dynamic,lainnya
apakah remot tv iptv bisa beli diluar biznet?,lainnya
Apakah bisa dilakukan perubahan paket dari Biznet Home ke Biznet Metronet,lainnya
cara melakukan pembayaran via bank Mandiri,Information
Cek sisa kuota saya berapa?,lainnya
Cara ubah paket,lainnya
packet loss,lainnya
ada promo 6+2 ga,Information
call center homecare,lainnya
nomornya call center berapa?,lainnya
Call center layanan home berapa sih?,lainnya
mau nambah router min jual ngga,Information
cara order promo min,Information
pembelian IPTV,lainnya
Apakah saya bisa menambah Add On IPTV ?,lainnya
Apakah saya bisa merubah tagihan perbulan menjadi pertahun ?,Request
jika saya terminasi sebelum masa kontak langganan berakhir dikarenakan alamat baru belum tercakup apakah  tidak dikenakan biaya pinati?,Information
internet terputus,Problem
Boleh di bantu kendala internet down,lainnya
Bisa menggunakan bahasa indonesia,lainnya
tanggal berapa biasanya akan terdebet?,lainnya
tanggal berapa biasanya akan terdebet?,lainnya
"Untuk Kartu kredit, tanggal berapa biasanya akan terdebet?",lainnya
"Untuk Kartu kredit, tanggal berapa biasanya akan terdebet?",lainnya
untuk permintaan add on kouta bisa melalui apa saja?,lainnya
bisa dicek ID pelanggan ini 10003 los merah menyala?,Problem
bisa dicek ID pelanggan ini 10003 los merah menyala?,Problem
kenapa koneksi internet saya putus nyambung?,Problem
kenapa koneksi internet saya putus nyambung?,Problem
kenapa koneksi internet saya putus nyambung?,Problem
mengapa saat saya main game ping nya tinggi?,lainnya
bagaimana cara mengecek kouat pemakaian saya dibulan ini?,lainnya
bagaimana cara mengecek kouat pemakaian saya dibulan ini?,lainnya
saya ingin mengecek masa aktif akun saya sampai kapan?,Information
saya ingin mengecek masa aktif akun saya sampai kapan?,Information
Terminasi layanan Biznet kemana?,lainnya
saya ingin mengecek masa aktif akun saya sampai kapan?,Information
saya ingin mengecek masa aktif akun saya sampai kapan?,Information
Untuk change package bagaimana?,lainnya
saya ingin mengecek masa aktif akun saya sampai kapan?,Information
saya ingin mengecek masa aktif akun saya sampai kapan?,Information
Layanan internet LOS,lainnya
Jenis jenis paket Biznet Home apa aja min?,lainnya
Untuk paket HOME 0D benefitnya apa aja?,lainnya
Apakah area saya di cibarusah sudah tercakup?,lainnya
Paket Home 3D benefitnya apa?,lainnya
kelurahan tebet sudah tercakup blm ya?,lainnya
Kalau biaya pemasangan baru berapa kak?,Request
Promo perpanjangan ada apa aja kak?,Information
saya ingin mengecek masa aktif akun saya sampai kapan?,Information
internet saya mati,Problem
cara beli promo gemana ?,Information
Relokasi layanan Biznet Home?,Information
saya ingin mengecek masa aktif akun saya sampai kapan?,Information
apakah bisa membeli router tambahan dari biznet?,Information
apakah ada pengeblokan port internet untuk layanan Biznet ?,lainnya
Biaya relokasi layanan Biznet Home berapa kak?,Information
Untuk harga paket di lokasi batam apakah dikenakan PPN kak?,lainnya
Kenapa VPN kantor saya tidak ada koneksi.,lainnya
Berapa harga STB Biznet?,lainnya
Untuk biaya berlangganan IPTV berapa?,Information
ping mobile legend tinggi,lainnya
kenapa hasil trace route ada RTO ?,lainnya
perbedaan speed dan bandwidth,lainnya
Berapa lama IP Biznet Home terganti,lainnya
Cara cek coverage layanan Biznet Home,lainnya
Cara cek masa aktif layanan Biznet saya,lainnya
Troubleshoot internet lambat,Problem
Troubleshoot modem blinking,Information
"Kabel fiber saya ada yang putus kak, saya harus gimana ya?",Problem
"Saya mau pasang Kak, untuk kebutuhan 3 orang kira-kira paket yang cocok apa ya?",lainnya
Kalo untuk layanan IPTV ada ga kak?,lainnya
Untuk STB nya apakah ada biaya lagi?,Request
"Baik, untuk estimasi pemasangan baru berapa lama kak?",lainnya
Untuk biaya pemasangannya apakah dibayarkan di awal?,Information
Untuk layanan customer service Biznet Home bisa menghubungi kemana?,lainnya
Registrasi pemasangan baru bisa melalui apa?,Information
IP yang didapatkan dari paket Biznet Home apa ya Kak?,lainnya
Untuk minimal berlangganannya selama berapa Bulan ya Kak?,Information
Kalau telat melakukan pembayaran paket apakah ada denda kak?,Information
Untuk biaya kunjungan petugas berapa?,Problem
Cara ubah password wifi di lokasi bagaimana?,Information
"SSID saya hilang, bagaimana mengatasinya?",lainnya
Kenapa saya tidak bisa akses website lokal?,lainnya
"SSID saya muncul, tapi tidak ada jaringan internetnya. Bagaimana ya kak agar bisa normal kembali?",Problem
Untuk username login myBiznet apa ya kak?,Information
Bagaimana cara ubah alamat Email terdaftar kak?,Information
Apakah layanan Biznet bisa diganti kepemilikan?,lainnya
Cara cek status billing pembayaran?,Information
Cek kode virtual akun pembayaran billing biznet home?,Information
koneksinya lambat,Problem
koneksinya lambat,Problem
Internet saya putus,Problem
Inwt mati ni,Problem
Internet putus ni,Problem
Oke terus paket bixnet ada apa aha sih?,lainnya
cara cek kuota,lainnya
Koneksi Lambat,Problem
Berapa harga paket 150mbps,lainnya
Tidak Ada Koneksi,lainnya
Relokasi,Information
Ubah Layanan,lainnya
kalau aku mau mengajukan penutupan akun apakah bisa?,Information
Syarat Dan Ketentuan Layanan Biznet Home,lainnya
Syarat Dan Ketentuan Layanan Biznet Home,lainnya
cara melakukan registrasi ulang,Information
jaminan gangguan Layanan,Problem
jumlah channel TV yang terdapat di dalam Layanan Biznet Biznet IPTV,lainnya
masa tenggang Biznet,lainnya
bagaimana cara ikut prooo?,lainnya
bagaimana cara ikut promo?,Information
ada promo apa saja yang berlaku?,Information
bagimana mau promo 9+3?,Information
kalo promo 3+1 gimana?,Information
promo 8+4 ada?,Information
saya maunya promo 6+6,Information
biaya instalasi,Request
mau 12+5 deh kak,lainnya
biaya perangkat Biznet WiFi Fiber Modem,Information
biaya  Home Internet 0DS,Request
saya mau terminasi,lainnya
biaya perangkat  layanan Biznet IPTV,Request
Biaya yang timbul akibat relokasi,Information
biaya setiap bulan  Biznet IPTV,Request
garansi untuk perangkat Biznet WiFi Fiber Modem,Information
garansi perangkat Biznet IPTV STB,lainnya
biaya sewa perangkat setiap bulan  Biznet WiFi Fiber Modem,Information
biaya penalti Apabila Pelanggan melakukan terminasi sebelum habis masa kontrak,Request
berapa lama proses instalasi hingga layanan aktif,lainnya
"proses penjadwalan instalasi, aktivasi dan relokasi membutuhkan waktu?",Information
ara Mempercepat Jaringan WiFi Biznet,Problem
Cara Mempercepat Jaringan WiFi Biznet,Problem
Cara Mengatasi WiFi Biznet Lemot,lainnya
Biznet Smart Internet WiFi,lainnya
bagaimana cara terminasi,lainnya
apakah modem saya akan dilakukan pengambilan?,Information
apakah ada biaya terminasi?,Request
syarat mengajukan terminasi apa saja?,lainnya
saya mau ganti modem,Information
bagaimana cara ganti modem,Information
cara ganti modem rusak,Information
cara beli router tambahan,Information
apakah bisa memanggil teknisi untuk setting router?,Problem
bagaimana cara memindahkan modem Biznet?,Information
jenis paket internet biznet apa saja?,lainnya
perbedaan jenis ip layanan biznet apa saja?,lainnya
paket 1d jenis ip apa?,lainnya
paket 2d jenis ip apa?,lainnya
paket 3d jenis ip apa?,lainnya
Bandiwth 1D berapa?,lainnya
Bandiwth 2D berapa?,lainnya
Bandiwth 3D berapa?,lainnya
bagaimana cari downgrade?,lainnya
bagaimana cara upgrade?,Information
internet saya lambat,Problem
internet saya putus sambung,Problem
ada lampu loss merah,lainnya
bagaimana cara cek status modem?,Information
apakah ada layanan IP Statik?,lainnya
bagaimana agar ip saya berubah?,lainnya
modam saya mati total,Problem
bagaimana cek sisa kuota saya?,lainnya
bagaimana cara ganti password wifi,Information
bagaimana cek apakah modem sudah support 5G?,Information
kapan saya harus isi ulang kuota?,lainnya
bagaimana cara beli xtra kuota?,lainnya
berapa jumlah bandwodth over kuota?,lainnya
berapa perangkat untuk 0d?,lainnya
berapa perangkat untuk 1D?,lainnya
berapa perangkat untuk 2D?,lainnya
berapa perangkat untuk 3D?,lainnya
berapa perangkat untuk 0ds?,lainnya
berapa perangkat untuk 1ds?,lainnya
berapa perangkat untuk 2ds?,lainnya
berapa perangkat untuk 3ds?,lainnya
berapa perangkat untuk 0dw?,lainnya
berapa perangkat untuk 1dw?,lainnya
berapa perangkat untuk 2dw?,lainnya
berapa perangkat untuk 3dw?,lainnya
berapa perangkat untuk 1dn?,lainnya
paket 1dn untuk area mana?,lainnya
paket 1ds untuk area mana?,lainnya
harga net dari layanan 3D gamers berapa?,lainnya
Layanan yang di sarankan untuk menggunakan CCTV,lainnya
Layanan Biznet Home yang di rekomendasikan untuk main game,lainnya
"internet lambat sekali, ada saran mengatasinya?",Problem
keunggulan layanan 0D apa aja ya,lainnya
apakah layanan biznet home 0D dapat digunakan untuk CCTV?,lainnya
"internet saya lampu los berkedip, itu kenapa ya?",lainnya
jika internet putus nyambung itu kenapa ya?,Problem
"saya dan tetangga saya internetnya biznetnya mati, itu kenapa ya?",Problem
ada promo apa saja pada bulan desember ini?,Information
"kalo saya mau promo 3+1 layanan 0D, kena berapa tagihannya?",Information
bisa tidak pengajuan IPTV untuk layanan 0D?,lainnya
layanan apa ya kalo saya mau pasang IPTV yang cocok?,lainnya
"saya mau pasang IPTV dong, gimana caranya?",lainnya
"kalo layanan saya 1D dan ingin menggunakan IPTV, tagihannya di kenakan berapa?",Request
Untuk STB IPTV free atau dikenakan biaya?,Request
"layanan 3D tidak dapat buka game ps4 online, itu kenapa?",lainnya
jika kita tidak dapat akses website game steam dengan menggunakan layanan 3D itu kenapa ya?,lainnya
"Saya mau main dota 2, sudah berhasil masuk ke steam, tapi saya tidak dapat akses dota 2, kenapa ya?",lainnya
"layanan saya biznet 3D, saya mau main dota 2, sudah berhasil masuk ke steam, tapi saya tidak dapat akses dota 2, kenapa ya?",lainnya
Internet saya down sejak semalam bisa di bantu?,lainnya
tanggal berapa biasanya akan terdebet untuk kartu kredit?,lainnya
tanggal berapa biasanya akan terdebet untuk payment via kartu kredit?,lainnya
Internet saya down bisa di cek,lainnya
untuk permintaan add on kouta bisa melalui apa saja?,lainnya
di area gunung putri sudah ada jaringan belum?,Problem
Halo internet saya down,lainnya
Internet saya down,lainnya
Cara rubah paket gimana,lainnya
Internet saya down,lainnya
Halo internet saya down bisa di cek?,lainnya
harga Biznet Home 1D berapa ya?,lainnya
Harga Biznet Home 1D berapa?,lainnya
bisa di bantu informasikan menu quota tambahan biznet home?,lainnya
apakah quota tambahan akan hangus jika FUP utama sudah reset?,lainnya
Apakah extra quota memiliki harga yang sama pada setiap layanan Biznet Home?,lainnya
langkah langkah lakukan bridge modem Biznet bagaimana?,Information
"jika router external kami rusak, apakah dapat dibantu dari sisi Biznet?",Information
apakah pergantian layanan menghanguskan sisa masa aktif?,lainnya
apakah dikenakan biaya tambahan jika ingin merubah layanan?,Request
apakah pergantian layanan dan pembelian modem bisa di proses secara bersamaan?,Information
Apakah pembelian modem akan menghanguskan sisa masa aktif?,Information
"saya ingin membeli modem dengan layanan 1D, berapa biaya yang harus saya keluarkan?",Information
apakah kita dapat masuk ke pengaturan modem pribadi?,Information
"saya ingin mengganti password wifi secara mandiri, apakah dapat dilakukan?",Information
"saya tidak dapat akses website tertentu, dapat dibantu?",lainnya
Halo internet saya down,lainnya
"Saya tidak dapat akses youtube.com, apakah dapat dibantu?",lainnya
jika saya relokasi apakah dikenakan biaya?,Information
Bagaimana cara setting smtp email menggunakan jaringan biznet,Problem
"saya ingin pindah dari jakarta ke bali, apakah dapat dilakukan relokasi?",Information
Apakah saya perlu membwa modem ke lokasi baru jika ingin relokasi?,Information
kenapa koneksi saya sering RTO ketika akses beberapa website?,lainnya
"Jika saya ingin memindahkan modem dari lantai 1 ke lantai 2, apakah dikenakan biaya?",Information
"saya ingin menambah router tamban untuk memperluas jaringan Biznet, apakah ada rekomendasi perangkat?",Problem
kenapa saya tidak bisa akses disney hotstar? keterangannya koneksi saya menggunakan vpn,lainnya
apakah *Deco M4 TP-Link Mesh* menggunakan kabel atau wireless?,lainnya
bagaimana cara saya mengetahui IP dari game di pc saya?,lainnya
apakah biznet Home meyediakan IP static?,lainnya
kenapa jaringan saya suka up down dalam beberapa hari terakhir?,Problem
"Saya ingin membuka warnet, layanan Biznet apa yang cocok untuk warnet?",lainnya
apakah untuk layanan 3D mendapatkan ip static?,lainnya
Bisa dibantu langkah untuk mengatur NAT pada playstation?,lainnya
bagaimana saya cek sisa kuota saya?,lainnya
apakah layanan 0D dapat digunakan sampai dengan 10 perangkat?,lainnya
saya ingin mengaktifkan akun saya kembali namun saya terakhir melakukan pembayaran 2 bulan yang lalu. Apakah bisa di bantu?,Information
"saya tidak dapat akses game handphone melalui biznet home 1D, ada saran?",lainnya
saya ingin membeli modem apakah bisa di proses di hari ini?,Information
"Saya ingin membayarkan tagihan melalui bank bsi, apakah bisa?",Information
remote iptv saya rusak,lainnya
Apakah IP akan terganti jika kita restart modem dengan layanan Bizne Home?,Information
berapa biaya pergantian remote IPTV,Request
"Saya ingin mengganti data pada akun layanan saya, bisa dibantu?",Information
berapa lama garansi modem biznet?,Information
apakah biznet ada sistem kontrak untuk pemasangan baru?,lainnya
bukti pembayaran saya belum terima,Information
Bagaimana cara saya merubah password wifi saya?,Information
Berapa kapasitas bandwidth yang bisa di dapatkan jika saya menggunakan kabel LAN?,lainnya
saya mau cek quota saya,lainnya
bagaimana cara ubah jaringan saya dengan mode bridge,Problem
internet saya tidak bisa di gunakan pada macbook saya,lainnya
kenapa bandwidth saya tidak sesuai dengan paket yang saya ambil,lainnya
Kenapa saya tidak bisa menggunakan port 525,lainnya
bagaimana cara membatasi penggunaan koneksi di modem biznet,Information
Bagaimana cara aktivasi akun MyBiznet?,Information
Internet saya lambat bandwidthnya tidak sesuai,Problem
Bagaimana cara cek ping dan tracert,lainnya
bagaimana jika saya ingin melakukan penambahan layanan pemasangan di lokasi baru?,lainnya
Saya mau melakukan perpanjangan wifi,lainnya
saya ingin tau promo yang berlaku,Information
Berapa nomor virtual account untuk melakukan pembayaran.,Information
Nomor virtual account BSI,lainnya
info masa tenggang,lainnya
cara perpanjang,lainnya
cara langganan iptv gimana,lainnya
bisa combo sama home 0d ngga,lainnya
kalau dicombo sama 1d bisa?,lainnya
jadi total tagihan aku kalau sama IPTV berapa?,Request
lupa email login aplikasi,Information
Mau tanya kok tempat saya ssidnya hilang ya ?,lainnya
"sudah, tapi masih hilang",lainnya
parameter modem normal apa,Information
pon blinking,lainnya
mau downgrade,lainnya
"kalau downgrade sekarang, masa aktifku gimana?",lainnya
masa aktifku sampai kapan?,lainnya
berarti ngga bisa downgrade sekarang ya?,lainnya
paket yang lebih rendah dari yg kupakai sekarang ada apa aja?,lainnya
ada kompensasi ngga kalau nanti ada kendala,lainnya
kalau mau minta invoice gimana,Request
kalau ngga bisa bayar lebih dari 45 hari gimana min,Information
kok ga bisa akses situs perbankan,lainnya
min mau daftar untuk di  JL TLK LAMPUNG,Information
di lampung ada paket apa aja,lainnya
biaya instalasi sama modem berapa?,Information
ada promo apa aja untuk lampung,Information
"cara pasang baru, di JL PULAU SULAWESI",Information
sulawesi ada paket apa aja,lainnya
kalau mau relokasi gimana,Information
mau ubah status modem jadi buy min,Information
mau ikut promo,Information
cara login ke aplikasi gimana,Information
cara beli ekstra kuota gimana,lainnya
itu kapan resetnya,lainnya
mau terminasi,lainnya
min sewa sama beli modem bedanya apa,Information
min portnya keblokir,lainnya
tipe kabelnya apa min,lainnya
biznet jualan router ngga biar sinyal jauh,Information
mau pindah modem cuman geser dikit gimana caranya,Information
"min, TV ngga ada channel",lainnya
ada internet ngga bisa browsing,lainnya
min dns biznet apa,lainnya
ngga bisa kirim email pakai internet biznet,lainnya
username password pppoe aku apa,Information
mau setting modem sendiri gimana caranya,Information
cara tau vlan id gimana min,lainnya
bisa nambah modem lagi min?,Information
harga pasang baru di lokasi sama min,Information
ada paket apa aja min,lainnya
Mau cek kuota dong,lainnya
Halo internet saya down,lainnya
Halo internet saya down,lainnya
Paket biznet,lainnya
Cara login ke aplikasi genana ?,Information
Web biznet,lainnya
Halo internet saya down bisa di bantu cek?,lainnya
internet down sejak semalam,lainnya
Halo internet saya down bisa di cek?,lainnya
Kalo beli modem beraps,Information
Min informasi paket yang bisa 10 device,lainnya
Cara download aplikasi my biznet dimana,Information
Halo internet saya down bisa di cek?,lainnya
Saya ingin berlangganan namun bingung harus mulai darimana?,Information
Cara mengetahui alamat sudah tercover atau belum gimana?,lainnya
Jalan aster blok d5 no6 kelurahan sukatani kecamatan tapos kota depok kode pos 16454 apakah sudah tercover jaringan interner Biznet?,Problem
Untuk proses selanjutnya jika alamat tempat tinggal saya sudah tercover jaringan Biznet seperti apa atau bagimana?,Problem
jl. kerajinan 1 puri bunga amanah blok c/13 udah ke cover belum,lainnya
"Saya sudah membuka website Biznethome.net namun tidak menemukan menu pendaftaran, bisa dibantu?",Information
Min internet lambat,Problem
"Min internet dirumah indikator LOS nya merah, kenapa ya?",lainnya
Kalau internet lambat disebabkan apa min,Problem
Perbedaan IP Biznet Home 0D sama Gamers 3D apa min,lainnya
Cara ganti nama akun gimana,Information
"Kalau ganti nama akun, ada biaya nya engga?",Information
Pengen ganti paket 25 Mbps ada ga?,Information
harga biznet home 1 D berapa?,lainnya
harga biznet home 1D berapa?,lainnya
"Internet down, bagaimana ni?",lainnya
Cara ganti password secara mandiri gmna,Information
Min modem saya gak mau nyala,Information
Biznet home ada batas pembayaran ga?,Information
Internet down nih,lainnya
internet down nih gemana ?,lainnya
Internet down nih,lainnya
Min kalau modem rusak gimana ya?,Information
Min saya bisa ga menonaktifkan layanannya dulu 2 bulan,lainnya
Jika sedang terjadi gangguan massal atau kendala area dari sisi Biznet apakah pelanggan akan dapat informasi terkait hal tersebut tanpa harus menanyakan?,Problem
Biznet ada layanan free wifi di tempat umum ga?,lainnya
"Saya ingin menggunakan cctv, paket layanan biznet home apa yang cocok untuk penggunaan cctv?",lainnya
Min Biznet ada perangkat buat memperluas jangkauan Wifi engga?,lainnya
Min layanan Biznet home bisa buat RT RW net engga?,lainnya
"Min saya dibatam, kena PPN 11% ga?",lainnya
Kapan sebaiknya saya melakukan perubahan paket layanan internet saya?,lainnya
Min reset FUP tanggal berapa,lainnya
Saya ingin merubah skema penggunaan modem saya saat ini dari sewa menjadi beli apakah bisa?,Information
Jika saya melakukan pembelian modem apakah biaya sewa yang selama ini dikenakan akan hilang? dan apa keuntungan yang pelanggan dapatkan dari melakukan pembelian modem?,Information
Kalau berhenti berlangganan gimana caranya,Information
Biaya relokasi berapa min?,Information
Apakah ada garansi pergantian modem jika terjadi kerusakan jika saya baru melakukan pembelian modem?,Information
Ada garansi untuk perangkat *TP-Link Deco M4 Smart Internet Mesh WiFi* setelah pembelian ga,lainnya
Berapa lama waktu yang dibutuhkan untuk melakukan pembelian modem?,Information
"Jika saya tetap menggunakan modem dengan skema, dan terjadi kerusakan pada modem, apakah bisa dilakukan perbaikan atau pergantian untuk modemnya?",Information
ada garansi untuk perangkat Set top Box untuk Biznet IPTV ga min,lainnya
"Min tolong kirimkan teknisi kelokasi, modem saya LOS",Problem
Min kalau pindahin perangkat ke sebelah rumah bayar ga?,Information
Min kirimin pricelist paket internet,lainnya
"Internet saya sangat lambat, apakah dapat dibantu dioptimalkan?",Problem
Min di App MyBiznet bisa beli promo engga?,Information
"Min saya punya 2 perangkat dengan ID layanan yang berbeda, tapi ko di app MyBiznet cuma 1 yang terbaca",Information
Kenapa speed upload dan download jaringan internet biznet saya tidak simetris?,Problem
Min kalau ganti paket tapi cuma 2 hari bisa engga?,Information
Untuk perubahan paket layanan membutuhkan waktu berapa lama?,lainnya
"Min saya sewa modem biznet, tapi pengen ganti modem baru bisa engga?",Information
Apakah mybiznet sudah tersedia di playstore atau appstore?,Information
Bagaimana cara login ke MyBiznet apakah ada tutorial atau langkah langkahnya?,Information
"Saya ingin melakukan relokasi, namun untuk lokasi baru saya belum tercakup jaringan internet biznet, apa yang harus saya lakukan?",Problem
Min cara liat ID pembayaran dimana,Information
"Saya melakukan salah bayar tagihan hanya karena salah 1 digit saat memasukan nomor billing ID, apakah ada solusi?",Information
"Saya melakukan pembayaran tagihan internet Biznet namun nominal nya kelebihan, apakah pembayaran saya tetap di proses?",Information
Cara memblokir pengguna wifi gimana,lainnya
Berapa harga perbulan untuk layanan IPTV dan apakah saya perlu melakukan pembelian alatnya?,lainnya
Ada berapa channel yang tersedia pada layanan IPTV Biznet?,lainnya
Min kalau saya pake perangkat modem temen saya bisa ga? sama sama biznet,Information
"Halo, bagaimana cara berlangganan?",Information
"iya saya memerlukan bantuan, boleh berbicara dengan live agent?",lainnya
internet down nih gemana ?,lainnya
koneksinya lambat,Problem
jumlah channel TV yang terdapat di dalam Layanan Biznet Biznet IPTV,lainnya
berapa perangkat untuk 0dw?,lainnya
berapa perangkat untuk 1dw?,lainnya
Internet mati nih,Problem
paket 1dn untuk area mana?,lainnya
paket 1dn untuk area mana?,lainnya
halo,lainnya
paket 1ds untuk area mana?,lainnya
"layanan 3D tidak dapat buka game ps4 online, itu kenapa?",lainnya
"layanan saya Biznet 3D, saat akses game cukup lambat, namun akses youtube normal, ada solusinya ga?",Problem
Halo saya ingin menghubungi customer service,lainnya
apakah kita dapat masuk ke pengaturan modem pribadi?,Information
"Jika saya ingin memindahkan modem dari lantai 1 ke lantai 2, apakah dikenakan biaya?",Information
apakah Deco M4 TP-Link Mesh bisa digunakan untuk bangunan bertingkat?,lainnya
kenapa jaringan saya suka up down dalam beberapa hari terakhir?,Problem
saya mau topup,lainnya
berapa biaya pergantian remote IPTV,Request
saya mau renewal,lainnya
bagaimana jika saya ingin melakukan penambahan layanan pemasangan di lokasi baru?,lainnya
Berapa nomor virtual account untuk melakukan pembayaran.,Information
Saya mau melakukan perpanjangan wifi,lainnya
Customer Service,lainnya
Nomor virtual account BSI,lainnya
Masa aktif saya brp?,lainnya
cara langganan iptv gimana,lainnya
btn_chat_live_agent,lainnya
hubungi live agent,lainnya
mo beli extra quota,lainnya
mo beli extra quota,lainnya
mo beli extra quota,lainnya
lupa email login aplikasi,Information
sulawesi ada paket apa aja,lainnya
cara login ke aplikasi gimana,Information
itu (kuota FUP) kapan resetnya,lainnya
biznet jualan router ngga biar sinyal jauh,Information
"min, ada beberapa channel TV yang ilang",lainnya
username password pppoe aku apa,Information
Cara download aplikasi my biznet dimana,Information
Cara mengetahui alamat sudah tercover atau belum gimana?,lainnya
Apakah saya bisa datang langsung datang ke cabang Biznet terdekat dari lokasi saya untuk menanyakan terkait ingin melakukan pendaftaran jaringan internet Biznet dirumah saya?,Problem
Apakah ada garansi pergantian modem jika terjadi kerusakan jika saya baru melakukan pembelian modem?,Information
Ada garansi untuk perangkat TP-Link Deco M4 Smart Internet Mesh WiFi setelah pembelian ga,lainnya
ada garansi untuk perangkat Set top Box untuk Biznet IPTV ga min,lainnya
"Internet saya sangat lambat, apakah dapat dibantu dioptimalkan?",Problem
sulawesi ada paket apa aja,lainnya
mo beli extra quota,lainnya
min kendala ke facebook berikut hasil tracert : Tracing route to facebook.com [31.13.95.35]\nover a maximum of 30 hops:\n\n  1     1 ms    <1 ms    <1 ms  192.168.240.1\n  2     1 ms     2 ms     1 ms  172.16.4.2\n  3     3 ms     5 ms     3 ms  202.169.33.1\n  4     3 ms     3 ms     3 ms  182.253.255.90\n  5     3 ms     6 ms     3 ms  ae0.pr03.cgk1.tfbnw.net [157.240.86.242]\n  6     2 ms     2 ms     2 ms  po203.asw02.cgk1.tfbnw.net [129.134.39.48]\n  7     2 ms     2 ms     3 ms  psw01.cgk1.tfbnw.net [129.134.58.47]\n  8     2 ms     2 ms     2 ms  msw1ag.02.cgk1.tfbnw.net [129.134.91.183]\n  9     2 ms     2 ms     2 ms  edge-star-mini-shv-02-cgk1.facebook.com [31.13.95.35],lainnya
"ow gitu coy, kalo masih lambat gimana",Problem
Internet saya down bisa di cek?,lainnya
apakah bisa membeli router tambahan dari biznet?,Information
apakah jika modem rusak bisa diganti dengan yang baru?,Information
apakah bisa request untuk pembayaran setiap ditanggal tertentu?,Information
bagimana prosedur berhenti berlangganan IPTV?,Information
bagimana cara add on extra kouta?,lainnya
channel tv yang tersedia dibiznet apa saja?,lainnya
nomor call center biznet home,lainnya
cara reset password mybiznet,Information
cara merubah e-mail terdaftar,Information
apakah jaringan biznet bisa dikomersilkan?,Problem
Apakah ada diskon untuk pembelian modem?,Information
cara request perapihan kabel,lainnya
Estimasi kedatangan teknisi,Problem
jika modem saya rusak apa indikasinya?,Information
Internet di lokasi lama buat main mobile legends,lainnya
Internet down,lainnya
apakah akun kompliment jika ingin relokasi dikenakan biaya?,Information
layanan IPTV dapat channel apa saja?,lainnya
jika saya ingn tambah mikrotik apakah bisa?,lainnya
sebagai router tambahan,Information
saya ingin ubah layanan apakah bisa dibantu,lainnya
bagaimana cara optimalkan jaringan secara mandiri?,Problem
bagaimana jika saya putus jaringan sebelum masa kontrak?,Problem
bagaimana saya tahu wifi saya diretas orang lain?,lainnya
mo beli extra quota,lainnya
apakah modem biznet support 6G?,Information
apakah jika saya pindah ke malaysia jaringan Biznet saya bisa ikut dipindah?,Problem
apakah biznet ada paket yang harganya 150.000?,lainnya
apakah saya bisa ubah nomor telepon?,lainnya
apakah ada promo perpanjangan layanan?,Information
jika saya ingin daftar biznet untuk kosan baiknya menggunakan layanan yang mana?,Information
Apakah layanan metronet bisa untuk rumahan?,lainnya
saya butuh layanan dengan IP yang tidak berubah ubah,lainnya
jika saya pakai paket gamers apakah IP yang saya dapat akan berubah ubah?,lainnya
kalau saya pakai IP Public Dynamic akan terreset per kapan?,lainnya
"jika saya tidak bayar bulanan selama 1 bulan, apakah akunnya masih bisa dilanjutkan?",Information
jika kabel modem saya putus karna digigit tikus apakah perbaikannya akan berbayar?,Problem
apakah biznet ada kompensasi jika internet saya mati berhari2?,Problem
kenapa jaringan saya bermasalah akhir akhir ini?,Problem
apakah boleh saya reset modemnya?,Information
internet saya lambat sekali kalau akses ke google.com,Problem
kenapa lan saya tidak terhubung ke port 1 modem?,Information
apakah biznet bisa blok 1 web?,lainnya
apakah teknisi biznet bisa setting router tambahan saya?,Problem
apakah biznet menyewakan stb?,lainnya
cabang biznet area jaksel,lainnya
i want to buy extra quota,lainnya
mo beli extra quota,lainnya
mo beli extra quota,lainnya
mo beli extra quota,lainnya
Internet saya down,lainnya
Internet saya mati,Problem
promo ada ?,Information
8+4 gaada min?,lainnya
kira kira 8+4 kapan tersedia nya ya?,lainnya
mau promo 2+1,Information
Internet down min,lainnya
Internet terputus min,Problem
Internet Down min,lainnya
mo beli extra quota,lainnya
mo relokasi,Information
mo ganti paket,Information
i want to buy extra quota,lainnya
i want to buy extra quota,lainnya
saya mau beli quota,lainnya
i want to buy quota,lainnya
Inet down,lainnya
kendala lambat,Problem
i want to buy quota,lainnya
bisa informasikan untuk pengajuan sponsorship ke Biznet?,lainnya
i want to buy quota,lainnya
berapa harga pemasangan awal untuk layanan biznet home internet 1d untuk wilayah depok,lainnya
i want to buy promo,Information
total setelah ppn dan beli modem,Information
Kapan untuk perluasan cakupan area Biznet yang saat ini belum tercover?,lainnya
i want to relocation,lainnya
saya mau relokasi,Information
mo beli extra quota,lainnya
mo relokasi,Information
Bisa informasikan bandwidth yang didapatkan apabila berlangganan Home Internet 1D?,Information
Boleh tanya min?,lainnya
Ciri ciri tiang biznet warna apa soalnya ada tiang miring dijalanan?,lainnya
Harga paket 0D berapa?,lainnya
aKlau remote IPTV rusak order kembali biayanya berapa?,Request
Kalo harga paket 1D berapa?,lainnya
Cara cek nomor SN biznet dimana?,lainnya
Beli promo,Information
Kalo harga paket 2D berapa?,lainnya
Biznet apakah bisa berlangganan untuk lokasi high rise?,Information
"Sebutkan akun sosisal media layanan Biznet seperti x, facebook  dan instagram?",Information
Kalo harga paket gamers 3D berapa?,lainnya
Apakah biznet home sudah menggunakan kabel fiber optic?,lainnya
PPN nya berapa persen min?,lainnya
Dimana lokasi store branch biznet cimandala bogor?,lainnya
Dimana lokasi store branch biznet cimandala bogor?,lainnya
Ada FUP ga min?,lainnya
Estimasi kendala internet down untuk kunjungan berapa lama?,Problem
Apakah Biznet menjual perangkat router tambahan untuk support jangakuan koneksinya?,Information
Apakah Biznet menjual perangkat router tambahan untuk support jangakuan koneksinya?,Information
"Kalo mau pasang, apakah ada biaya pasang min?",Request
Ada FUP ga?,lainnya
Mau relokasi,Information
Harga paket 0D berapa min?,lainnya
kalo harga paket 1D berapa min?,lainnya
kalo harga paket 2D berapa min?,lainnya
"kalo untuk main game, cocoknya paket apa ya min?",lainnya
Bukannya ada paket gamers ya min?,lainnya
Kuota itu FUP ya min?,lainnya
Sebutkan alasan kenapa saya harus pakai layanan Biznet?,lainnya
Apakah biznet menyediakan wifi portable?,lainnya
"min, ciri ciri tiang biznet gimana?",lainnya
Kira kira kalau Biznet maintenance apakah customer mendapatkan notifikasinya?,lainnya
Kalau Saya mendapatkan Ping tinggi karena lambat apakah bisa dilakukan visit langsung?,Problem
untuk daerah Sulawesi sudah ada layanan Biznet belum min?,lainnya
Bisa informasikan bandwidth yang diterima Home Internet 1D?,lainnya
Paket apa yang tersedia untuk daerah sulawesi min?,lainnya
Berikan alasan keapa kunjungan visit saya melebihi estimasi 1x24 jam atas kendala internet down?,Problem
Sebutkan nama merk modem Biznet?,Information
Untuk daerah papua sudah ada layanan Biznet belum min?,lainnya
Nomor customer service Biznet berapa min? saya mau telpon,lainnya
Apakah kabel indihome lama bisa di pakai untuk kabel internet?,lainnya
koneksi agak anu ni,lainnya
sudah restart masih lambat,Problem
Untuk layanan Home apakah FUP atau unlimited?,lainnya
Bisa informasikan dikenakan  berapa pajak pada layanan Biznet?,lainnya
Bisa informasikan store Biznet atau Branch terdekat dari bandara soekarno hatta?,lainnya
Apakah Harga layanan Biznet berubah-ubah?,lainnya
Bagaimana langkah-langkah saya untuk konfirgurasi modem secara mandiri?,Information
Paket apa yang tersedia untuk daerah sulawesi min?,lainnya
Apakah saya bisa merubah tagihan perbulan menjadi pertahun ?,Request
jika saya terminasi sebelum masa kontak langganan berakhir dikarenakan alamat baru belum tercakup apakah  tidak dikenakan biaya pinati?,Information
"min, ciri ciri tiang biznet gimana?",lainnya
Kuota itu FUP ya min?,lainnya
tanggal berapa biasanya akan terdebet untuk kartu kredit?,lainnya
"kalo untuk main game, cocoknya paket apa ya min?",lainnya
"kalo untuk main game, cocoknya paket apa ya min?",lainnya
untuk area jakarta ada gamers 3dw?,lainnya
"kalo untuk main game, cocoknya paket apa ya min?",lainnya
Bukannya ada paket gamers ya min?,lainnya
untuk permintaan add on kouta bisa melalui apa saja?,lainnya
kalo harga paket 1D berapa min?,lainnya
bisa dicek ID pelanggan ini 10003 los merah menyala?,Problem
Bisa informasikan bandwidth yang didapatkan apabila berlangganan Home Internet 1D?,Information
Ciri ciri tiang biznet warna apa soalnya ada tiang miring dijalanan?,lainnya
Harga paket 0D berapa?,lainnya
Kalo harga paket 1D berapa?,lainnya
Kalo harga paket 2D berapa?,lainnya
Kalo harga paket gamers 3D berapa?,lainnya
Ada FUP ga min?,lainnya
"Kalo mau pasang, apakah ada biaya pasang min?",Request
Bisa informasikan cara berlangganan?,Information
Harga paket 0D berapa min?,lainnya
Apakah bisa downgrade layanan dari Biznet Metronet ke Biznet Home?,lainnya
Mau mengadukan layanan.,lainnya
Internet lambat banget,Problem
ada promo,Information
cek quota,lainnya
internet lambat,Problem
Hi daerah rumah saya sudah tercover?,lainnya
halo internet saya down sejak semalam,lainnya
paket 1D berpa ?,lainnya
paket 1D berpa ?,lainnya
biaya pasang baru berapa?,Information
Biaya relokasi biznet home?,Information
merk kabel lan yang bagus,lainnya
promo 2d home modem buy berapa?,Information
paket 1D,lainnya
harga paket 1d,lainnya
harga paket 1d,lainnya
harga pasang baru,Information
cara berhenti berlangganan,Information
ingin ikut promo 1D modem rent,Information
harga modem,Information
biaya relokasi,Information
cara berlangganan,Information
apakah ada denda berlangganan?,Information
Terkait permintaan pengajuan sponsopship,lainnya
Kenapa layanan IPTV untuk channel HBO tidak ada?,lainnya
tanggal berapa biasanya akan terdebet untuk kartu kredit?,lainnya
tanggal berapa biasanya akan terdebet untuk kartu kredit yang terdaftar di biznet?,Information
Paket gamers,lainnya
Harga paket gamers biznet,lainnya
tanggal berapa biasanya dilakukan pembayaran auto debet untuk kartu kredit yang terdaftar di Biznet?,Information
Berapa jenis paket gamers biznet?,lainnya
bisa dicek ID pelanggan ini 1000? LOS merah menyala,Problem
Mau refund dana Biznet,lainnya
apa status modem saya?,Information
Apakah dikenakan biaya jika alamat instalasi menggunakan jalur kabel bawah tanah?,Request
Apakah akan dikenakan biaya tambahan jika alamat instalasi menggunakan jalur kabel bawah tanah?,Request
Apakah dikenakan biaya jika alamat instalasi menggunakan jalur kabel bawah tanah?,Request
Mo beli quota,lainnya
kapan akan dikirimkan reminder pembayaran,Information
internet cepat,lainnya
Hi kalo ingin ikut promo 3+1 gmn cara nya?,Information
putus sambung,Problem
promo bhi 1d,Information
Lemot ini,lainnya
daftar biznet hom e,Information
daftar biznet home,Information
udah restart msh lemot,lainnya
Apakah saya bisa bekerja di Biznet,lainnya
"Terima kasih, apakah kamu tahu Biznet didirikan oleh siapa?",lainnya
Cakupan bojong gede,lainnya
Internet saya ga gacor nih lambat mulu,Problem
ganti paket,Information
Cara pendaftaran,Information
mohon info paket apa saja,lainnya
internet down,lainnya
Lambat,Problem
Sudah dilakukan semua tapi masih lambat,Problem
Ada kendala di lokasi saya apa tidak ya,lainnya
Internet Saya Down loss merah,lainnya
tapi saya di area Bekasi,lainnya
Cek harga layanan Biznet,lainnya
koneksi lambat,Problem
batalkan ganti paket,Information
saya mau tanya harga bulanan,lainnya
berapa harga bulanan paket saya,lainnya
saya mau pasang baru,Information
saya ingin pasang baru alkun tambahan,Information
apakah bisa?,lainnya
"di jalan kota mas, di jalan utama ciawi cianjur",lainnya
internet lemot,lainnya
masa aktif,lainnya
kuota saya saat ini,lainnya
saya mau tau harga paket saya,lainnya
sudah tapi masih lambat,Problem
apakah berarti paket saya gratis?,lainnya
apakah saya bisa menggunakan promo untuk paket saya?,Information
mau ikut promo,Information
kalau hanya punya 4 perangkat tp koneksi saya RTO terus ke arah facebook.com kira2 kenapa ya ?,lainnya
"ok, apakah saya sebaiknya ganti ISP saja?",lainnya
ok pakte apa yang kamu sarankan?,lainnya
berapa bandwidth paket yang saya gunakan?,lainnya
"kalau saya ingin ganti paket, paket mana saja yang bsia saya gunakan",Information
harga paling murah berapa?,lainnya
Cek FUP,lainnya
top up fup,lainnya
Perubahan layanan,lainnya
Cek jaringan,Problem
Status koneksi saya,lainnya
Harga modem berapa ?,Information
Jenis paket layanan biznet home,lainnya
customer service,lainnya
harga promo biznet ada?,Information
Owh oje kalok di tambah router bisa gak ?,Information
Tambah router mesh wifi,Information
cara pilih nya gimana,lainnya
Mau pesen lewat cs dong,lainnya
kalau mau beli promo 3+1 gimaa caranya,Information
Oke saya sekarang mau beli promo,Information
Thank you kalok saya mau ganti paket bisa ?,Information
Lsyanan saya expired kapan ?,lainnya
Ciri tiang biznet apa ya ?,lainnya
Kalok mau bayar bisa lewat mana ?,Information
Berapa nomer va saya?,lainnya
Ada paket untuk main game gak ?,lainnya
internet down min,lainnya
Ada promo apa aja ya,Information
Kalo pengen 3+1 gmn,lainnya
Kalo promo 6+2,Information
Nanya promo,Information
Untuk coverage area di lenteng agung jakarta selatan ada ngga,lainnya
Kalo beli ekstra kuota gmn,lainnya
Untuk paket apa aja ?,lainnya
Klo kuota abis bagaimana ?,lainnya
Untuk password apps nya apa ?,Information
Kalo change package gmn min,lainnya
Saya lupa passwordnya,Information
Pake password default salah,Information
Cukup min bisa di akhiri chat nya,lainnya
saya mau tanya perihal layanan,lainnya
Untuk koneksi agak intermitten y,lainnya
Dan aplikasi wifi analyzernya apa ?,Information
Ini gimana caranya,lainnya
Kita udah install analyzer aman ngga ada masalah,lainnya
Channel juga sudah dirubah,lainnya
Cara liat jumlah penggunanya gimana,lainnya
Username dan pass adminnya apa ?,Information
Cek coverage,lainnya
Cek  overage,lainnya
Cara mengganti paket gimana,Information
Saya mau pasang di banten bis acek coveratge ?,lainnya
saya mau tanya untuk caranya gimana?,lainnya
Paket apa saja pilhannya ?,lainnya
Terus klaok dinpekan baru bisa oakek paket apa ?,lainnya
"Di modem saya ada los merah nih, harus ngapain ya?",Problem
Paket apa aja yg tersedia ?,lainnya
Pasang baru berapa?,Information
Cara mengajukan pergantian modem bagaimana?,Information
Masalah teknis,lainnya
Estimasi kunjungan teknisi biasanya kapan?,Problem
Estimasi relokasi biasaya berapa hari?,Information
internet saya lambat cuma dapet 10mbps,Problem
Saya mau cek promo yang tersedia hari ini layanan Biznet Home.,Information
Apakah harga layanan Biznet Home flat?,lainnya
cara melakukan ping dan tracert itu bagaimana?,lainnya
Apakah Biznet buka lowongan untuk magang?,lainnya
Bisa dibantu ping ke google.com?,lainnya
"Saya gapunya laptop, bisa tolong ping ke google.com?",lainnya
"Layanan internet saya lambat, boleh diinformasikan penyebab dan solusinya?",Problem
"Layanan internet saya lambat, boleh diinformasikan penyebab dan solusinya?",Problem
kalo ingin terminasi gimana caranya?,lainnya
estimasi layanan jika melakukan terminasi berapa lama?,lainnya
Halo Biznet,lainnya
Saya ingin mengetahui cara cek IP layanan Biznet home saya.,lainnya
Promo saat ini apa aja?,Information
apakah tidak ada promo 2+1?,Information
"Internet saya untuk bermain game genshin impact ping tinggi, apakah ada solusi?",lainnya
jika ingin mengetahui ip yang saya gunakan bagaimana?,lainnya
Boleh diinformasikan paket Gamers ada apa saja?,lainnya
reset FUP biasanya dilakukan kapan?,lainnya
"Saya ada keperluan ganti paket tapi masih panjang masa aktifnya, apakah bisa diproses sekarang?",Information
jika ada los merah pada modem saya itu kenapa?,Problem
saya ingin melakukan pembayaran bisa lewat mana saja?,Information
"Saya mau terminasi layanan, bagainmana prosesnya?",lainnya
Relokasi apabila tidak tercover bagaimana?,Information
bisa diinformasikan VA untuk bank yang tersedia?,lainnya
"Bisa dicek untuk coverage area alamat berikut: Kp. Pada Beunghar, Rt.03/05, Kel.Babakan Pasar, Kec. Bogor tengah, Kota Bogor, 16126",lainnya
"Internet saya tidak stabil, apakah ada kendala?",lainnya
Apakah kecepatan Internet Biznet Home tetap konstan sepanjang waktu?,lainnya
Bisakah saya menggunakan layanan Biznet Home untuk bisnis/perusahaan?,lainnya
Apakah Terdapat Garansi pada Perangkat Smart Internet WiFi ?,lainnya
"Layanan saya terkendala down, estimasi perbaikannya kapan ya?",lainnya
bagaimana cara cek ping dan tracert?,lainnya
Latency untuk layanan biznet home normalnya berapa ya?,lainnya
Apa yang memengaruhi latency tinggi?,lainnya
Apakah ada rekomendasi penggunaan tipe kabel LAN?,lainnya
Modem Biznet tipenya apa saja?,Information
Rekomendasi perangkat tambahan untuk memperluas jangkauan wifi apakah ada?,lainnya
"Jika tidak tercover alamat saya, biasanya sampai kapan harus menunggu?",lainnya
Jangkauan sinyal wifi biznet optimalnya berapa?,lainnya
Apakah ada ketentuan untuk berlangganan kembali,Information
Apakah ada ketentuan untuk rekoneksi layanan yang sudah lama tidak dibayarkan?,Information
Mengapa layanan biznet Home sering terjadi kendala area?,lainnya
cek jaringan,Problem
karena internet down,lainnya
mau beli add on,lainnya
saya mau beli quota,lainnya
beli add on,lainnya
saya mau beli quota,lainnya
mau beli kuota,lainnya
mau beli quota,lainnya
harga paket 0D,lainnya
mau beli quota,lainnya
harga paket 1D,lainnya
harga paket 2D,lainnya
saya mau beli promo,Information
harga paket 3D,lainnya
harga paket 0DS,lainnya
harga paket 1DS,lainnya
harga paket 2DS,lainnya
harga paket 3DS,lainnya
harga paket 0DW,lainnya
harga paket 1DW,lainnya
harga paket 2DW,lainnya
harga paket 3DW,lainnya
saya mau beli quota,lainnya
harga paket 1DN,lainnya
harga paket 2DN,lainnya
harga paket 3DN,lainnya
berapa harga pembelian modem,Information
berapa harga modem menyewa,Information
apakah jika berlangganan dikenakan masa kontrak,Information
mau beli quota,lainnya
"bagaimana jika ingin perpindahan modem, namun alamat barunya tidak tercakup",Information
bagaimana cara perpindahan modem ke lokasi yang baru,Information
saya mau beli quota,lainnya
mau beli quota,lainnya
Apakah biznet menyediakan layanan dengan TV channel,lainnya
Apakah ada channel HBO,lainnya
apakah ada garansi pembelian modem di awal,Information
berapa harga STB,lainnya
mau beli quota,lainnya
apakah ada garansi untuk pembelian STB,lainnya
apakah biznet memiliki tanggal jatuh tempo,lainnya
apakah yang akan terjadi jika sudah melewati masa tenggang,lainnya
assalamualaikum,lainnya
saya mau beli quota,lainnya
Salam sejahtera,lainnya
saya mau beli quota,lainnya
"jika status akun sudah terminasi, apakah bisa berlangganan lagi?",Information
saya mau beli quota,lainnya
saya mau relokasi ke dalung,Information
eh gajadi saya mau upgrade aja ke paket gamers,Information
apakah akan dikenakan biaya?,Request
saya mau beli quota,lainnya
apakah akan dikenakan denda jika ada keterlambatan pembayaran,Problem
Gak tau males pengen beli truck,lainnya
apakah layanan biznet memiliki kompensasi,lainnya
lalu bagaimana jika kendalanya lama teratasi dan tidak ada kompensasi,lainnya
apakah download dan uploadnya simetris,lainnya
apakah bisa menambahkan akun dengan data yang sama,Information
"bagaimana jika ada kesalahan pembayaran, apakah bisa direfund",Information
apakah bisa melakukan pergantian paket,lainnya
apakah bisa melakukan pergantian data,lainnya
apakah jika dilakukan perbaikan teknisi ke lokasi dikenakan biaya,Problem
berapa lama estimasi perbaikan gangguan,Problem
Apakah dikenakan biaya jika ingin perubahan paket,Request
berapa hari perhitungan masa aktif,lainnya
berapa harga pembelian modem layanan home?,Information
apakah biznet memiliki promo pembayaran,Information
Berapa biaya untuk pengajuan relokasi?,Information
apakah bisa memanggil teknisi biznet untuk memasangkan router tambahan,Problem
Berapa biaya untuk pengecekan layanan di luar segmentasi biznet?,Request
Benefit yang didapatkan untuk paket 0D?,lainnya
Berapa Bandiwdth yang didapatkan di paket Biznet Home 1D?,lainnya
"halo, saya ingin berlangganan internet & tv",Information
kendala jaringan internet modem los merah,Problem
bagiamana cara cek FUP paket?,lainnya
jalan Gajah nomor 114\nkel Pandau Hulu II\nkec Medan Area\nkota Medan,lainnya
apakah biznet home mengeluarkan invoice,Request
bagaimana cara mengetahui jika ada gangguan,Problem
cara ganti password secara mandiri?,Information
biaya per bulan berapa?,Request
apakah biznet ada pemblokiran IP,lainnya
cara order promo secara mandiri?,Information
paket internet dan tv berapa per bulan?,lainnya
IP apa yang saya dapatkan jika berlangganan layanan Biznet Gamer 3D?,Information
penyebab jaringan slow?,Problem
Berapa harga layanan IPTV?,lainnya
apakah biznet melakukan pemblokiran IP tertentu,lainnya
apakah ganti paket akan mengakumulasikan masa aktif yang sedang berjalan?,Information
Bagaimana untuk perhitungan masa aktif layanan?,lainnya
order promo yang tersedia saat ini?,Information
Bagaimana untuk perhitungan kouta internet kita?,lainnya
bagaimana jika kita telat melakukan pembayaran apakah adanya denda?,Information
Apakah bisa melakukan berhenti berlangganan apabila masih dalam masa kontrak?,Information
Apakah bisa menggunakan DNS selain dari Biznet?,lainnya
estimasi waktu pembayaran jika melakukan order promo?,Information
beli kuotq,lainnya
mau beli kuota,lainnya
mau beli kuota,lainnya
beli addon,lainnya
Internet mati,Problem
Cara ganti password mandiri gimana?,Information
halo saya mau beli quota lagi,lainnya
mau beli promo,Information
mau beli promo,Information
mau relokasi,Information
mau ganti paket,Information
mau beli promo,Information
mau ganti paket,Information
mau ganti paket,Information
mau order promo,Information
mau order promo,Information
Mai order promo,Information
Hi sisa ekstra kuota saya brp?,lainnya
jika ingin tambah ekstra kuota gmn?,lainnya
lambat banget main ayodance,Problem
Internya loss merah kak,lainnya
Indikator loss di modem,Information
Internet lambat,Problem
Apakah saya bisa berlangganan hanya 3 bulan saja dengan skema modem menyewa?,Information
"Hallo siang, saya mau berhenti berlangganan karena mau pindah alamat",Information
"Hallo, saya mau tanya mengapa masa aktif habisnya tidak selalu sama dan terkadang maju ?",lainnya
"Jika ingin reloksi ke alamat barun dan alamat baru saya sudah tercakup, syaratnya apa saja?",Information
"hallo,saya ingin melakukan pengecekan FUP akun layanan saya",Information
"Jika saya melakukan pergantian paket dan masa aktif saya masih tersisa dipaket sebelumnya, apakah sisa masa aktif tersebut akan hangus?",lainnya
"Saya ingin melakukan pembayaran dengan promo tetapi masa aktif saya masih sampai dengan 30 Desember 2024, apakah jika saya melakukan pembayaran hari ini masa aktif akan terkakumulasi?",Information
Apakah bisa dinformasikan untuk Type modem yang disediakan oleh biznet?,Information
Jika berlangganan dengan skema modem membeli apakah ada garansi modemnya?,Information
Mohon diinformasikan promo apa saja yang berlaku saat ini untuk pelanggan lama?,Information
Untuk layanan Biznet Home apakah menyedaiakan invoice pembayaran?,Information
Apakah layanan Biznet Home mempunyai SLA apabila internetnya down?,lainnya
mau ganti paket,Information
"Saya ingin melakukan pergantian data nama akun, sayarat nya bisa diinformasikan apa saja?",Information
Harga paket 1D berapa?,lainnya
Apakah Biznet menyediakan layanan internet untuk sekolah?,lainnya
Brach terdekat dari lokasi saya saat in idi gunung putri,lainnya
Untuk pengaduan bisa diinformasikan melalui apa saja saat ini?,lainnya
Untuk estimasi kunjungan perbaikan dengan teknisi berapa lama?,Problem
berapa harga produk di biznet,lainnya
mau ganti paket,Information
mau beli quota,lainnya
Apakah biaya installasi awal setiap daerah berbeda?,Request
mau beli quota,lainnya
"Akun saya sebelumnya sudah terminated dengan skema modem membeli lalu ingin berlangganan kembali, apakah modemnya dapat digunkan kembali?",Information
mau beli quota,lainnya
Harga paket 0D berapa?,lainnya
harga paket 2D berapa?,lainnya
Bagaimana cari ganti password wifi?,Information
mau beli quota,lainnya
Apakah dikenakan kontrak berlangganan untuk layanan Biznet Home?,Information
Mohon diinformasikan untuk metode pembayaran layanan Biznet bisa melalui apa saja?,Information
mau beli quota,lainnya
Bagaimana Cara sembunyikan SSID wifi?,lainnya
"Berapa jarak jangkauan signal wifi 2,4 Ghz?",lainnya
Berapa jarak jangkauan signal wifi 5 Ghz?,lainnya
Promo layanan Biznet?,Information
Berapa harga promo 3+1 daerah kota surabaya?,Information
Berapa harga promo 6+2 daerah Yogyakarta?,Information
Berapa harga promo 9+3 daerah Bandung?,Information
Berapa harga promo 12+5 daerah Jakarta selatan?,Information
Berapa lama Masa aktif layanan Biznet Home?,lainnya
Berapa lama masa tenggang layanan Biznet Home?,lainnya
mau beli quota,lainnya
mau beli quota,lainnya
Harga add on IPTV?,lainnya
Berapa harga layanan IPTV?,lainnya
Bagaimana cara restart modem?,Information
"Jika ingin pindah alamat, namun lokasi baru tidak tercakup, bagaimana?",lainnya
Penyebab jaringan lambat karena apa?,Problem
cara membeli add on kuota?,lainnya
login my biznet gimana?,Information
mau beli quota,lainnya
mau beli quota,lainnya
Kalo beli modem harganya berapa ya??,Information
mau ganti paket,Information
ingin beli extra kuota,lainnya
saya mau complaint,lainnya
internet down,lainnya
loss merah,lainnya
mau ganti paket,Information
mau beli quota,lainnya
harga produk biznet,lainnya
ingin membeli kuota,lainnya
001000378036,lainnya
Internet aga lambat,Problem
internet lambat,Problem
mau beli quota,lainnya
mau beli etra quota,lainnya
mau beli extra quota,lainnya
harga produk biznet,lainnya
apakah palmerah jakarta tercover,lainnya
halo,lainnya
saya mau beli quota,lainnya
harga modem biznet,Information
harga modem biznet home,Information
cara login my biznet,Information
Modem los,Information
harga modem biznet,Information
tidak saya ingin membeli modem biznet baru,Information
menambah perangkat yang sudah ada,lainnya
harga modem biznet,Information
biznet home,lainnya
saya maut ambah modem,Information
ya router mesh wifi,Information
Los modem min,Information
internet lambat,Problem
Los,lainnya
Halo internet saya down bisa di cek?,lainnya
Harga modem,Information
modem saya loss,Information
Mau ke cs,lainnya
modem saya loss,Information
saya mau ubah paket,lainnya
Promo,Information
ubah paket ke 3D,lainnya
saya mau terhubung dengan cs,lainnya
Modem los,Information
Promo,Information
Internet mati nih,Problem
Beli promo,Information
Ingin cp,lainnya
Change package,lainnya
Ke pake home 1d,lainnya
Harga modem berapa ?,Information
Bisa gak aku config modem manual ?,Information
Bisa gak config modem mamual?,Information
Oke kalok mai ganti pw wifi ?,lainnya
saya mau beli quota,lainnya
Terus kalok promo ada gak?,Information
Oke aku ada rencana pasang di surabaya di merr ke cover gak ?,lainnya
Paketnya apa aja ya?,lainnya
Kalok pkek kabel bawah ranah kenak biaya gak ?,Request
Kalok bolej tau reminder pembayaran dikirim kapan ?,Information
Ada modem wireless gak ?,Information
Apakah tidak ada promo beli modem ?,Information
Cara bayar via mandiri,Information
Nomer va bsi,lainnya
Kalok lupa username sama password pppoe gemana ?,Information
Cara download aplikasi my biznet dimana ?,Information
Cara diwnload aplikasi my biznet domana?,Information
Biaya pasang baru biznet berapa ?,Information
Kalok harga relokasi home ?,Information
Kalok mau ngjuin sponsor kemana ?,lainnya
Ciri ciri tiang biznet gemana ? Soalnya ada tiang miring di jalan,lainnya
Biznet bagus gal sih ?,lainnya
Kalok mau langganan caranya gemana ?,lainnya
Oke biatanya berapa ?,lainnya
Oke terus bisa cek coverage gak ?,lainnya
Saya mau pasang di soe,lainnya
Lebih mahal ya hatganya?,lainnya
Oke terus kalok nambah touter gitu bisa gak,lainnya
Yep nambah router mesh wifi,Information
Bukanya kmren ada ya ?,lainnya
Oke cara belinya gmn ?,lainnya
Kalok harga paket 0d brrapa?,lainnya
Bukan 0dw tapi 0d,lainnya
Tapi kenapa tadi infonya 0dw bukan 0d?,lainnya
Oke terus kapan reminder pembayaran dikirim?,Information
Oke lalu kalok modem saya los merah saya harus apa ?,Problem
Apa aladan saya pilih biznet home ?,lainnya
Terus kalok benefit 0d apa aja yg bisa saya dapet ?,lainnya
Estimasi waktu bayar promo,Information
Masa kontrak berlaku berapa lama ?,lainnya
Terus kalok berenti sebelum lontrak habis denda gitu ?,lainnya
Paket biznet,lainnya
saya mau ganti paket,Information
hubungkan ke agent,lainnya
Saya ingin ganti paket ke Gamers 3D,Information
Berbicara dengan cs,lainnya
internet di rumah tidak bisa dipake,lainnya
customer service,lainnya
harga 1D,lainnya
live agent dong,lainnya
"Mau tanya tentang Biznet Home, ada paket apa ajaa?",lainnya
"Halo Pagi, mau tanya tentang biznet home",lainnya
Paket termahal Biznet Home apa ya?,lainnya
Paket termahal apa ya?,lainnya
Bisa dititalin untuk Biznet Home 3D? beli modem,Information
Totalin harga untuk ini berapa? sewa modem,Information
Kalo modem sewa totalnya berapa?,Information
kalo beli modem?,Information
aku pasang baru,Information
saya mau pasang baru dengan beli modem dan paket Biznet Home 3D,Information
Live agent,lainnya
kenapa sih jaringan saya suka terputus sambung?,Problem
bisa sambungkan ke live agent,lainnya
kenapa wifi 5G saya suka tidak terdetect?,lainnya
mau pindah lokasi,lainnya
proses nya berapa lama?,lainnya
Cek koneksi,lainnya
Kalau saya terhalang sekat bagaimana Kak? soalnya modemnya jauh dari area yang saya gunakan,Information
Internet saya ngga bisa digunakan,lainnya
saya mau pindah,lainnya
kenapa sering sekali terjadi kendala loss merah?,lainnya
"pindah ke Jl. Pd. Mitra Lestari No.11 Blok A4, RT.002/RW.005, Jaka Setia, Bekasi Selatan, Bekasi, West Java 17147",lainnya
itu dikenakan biaya tidak?,Request
Kalau ada gangguan area perbaikannya sampai kapan?,Problem
kenapa koneksi inet saya lemot banget ya?,lainnya
berapa hari tuh proses nya,lainnya
bisa gk saya minta proses nya hanya 2 hari,lainnya
kenapa koneksi internet saya up down?,lainnya
klo gitu diskon dong,Information
"kan lama proses nya di 7 hari, mahal tapi lama",lainnya
klo saya mau terminasi gimana?,lainnya
dih kok di kenakan pinalti?,lainnya
saya beli modem waktu itu dan tidak ada penjelasan kontrak,Information
Ada promo pembayaran?,Information
Paket 3 Plus 1 hargfanya berapa?,lainnya
Area Jawa ada paket apa saja?,lainnya
Ada paket 350mbps?,lainnya
Kalau mau promo bisa telfon ke mana?,Information
Massa aktif saya sampai kapan?,lainnya
Bisa ganti paket sekarang?,Information
Massa aktif nya bakal hangus ga?,lainnya
Gimana caranya?,lainnya
Customer Service,lainnya
Buat pake akun MyBiznet log innya bagaimana?,Information
Promo saat ini?,Information
Harga promo 9+3?,Information
Internet saya terputus putus,Problem
Customer service,lainnya
saya mau cek jumlah perangkat yg terhubung ke modem saya,Information
Lokasi saya sudah tercakup belum ya?,lainnya
"Villa Mahkota Pesona, Blok IJ 8 no 6, Bojong Kulur, Gunung Putri",lainnya
informasi promo,Information
Promo saat ini?,Information
Harga promo 9+3?,Information
Customer service,lainnya
mau ganti paket gimana caranya,Information
saya tidak hapal,lainnya
Masa aktif saya hingga 2025 ya. Apakah bisa mengikuti salah satu promo tersebut?,Information
Change package,lainnya
internet saya slow,lainnya
Jadi baiknya gimana om?,lainnya
"baik, \nkalo masa aktifnya hinga 3 Januari 2025 gimana om?",lainnya
Change package with another ID,lainnya
1000032151,lainnya
Internet saya terputus putus tiap malam,Problem
hasil speedtest saya tida 1:1,lainnya
Apakah ada promo tahunan?,Information
"Internet saya tidak simetris, upload dan download tidak sesuai",lainnya
Change package with  another ID,lainnya
Cakupan area?,lainnya
Bisa ga kalo saya ganti paket layanan dibawahnya?,Information
Kenapa lokasi saya gak bisa pake biznet?,lainnya
Upload dan download tidak Symmetrical,lainnya
Untuk prosesnya berapa lama?,lainnya
Upload dan download tidak simetris,lainnya
Sudah punya Biznet,lainnya
Internet mati ni,Problem
"min saya rencana mau pindah rumah, apakah tetap bisa berlangganan layanan biznetnya?",Information
promo 3+1 berapa,Information
untuk biaya relokasi itu berapa ya min?,Information
proses terminasi,lainnya
promo 6+2 berapa,Information
"i wanna check coverage area, can you help me?",lainnya
"i live in pantai indah kapuk 3, north jakarta",lainnya
untuk pengecekan jaringan sudah tercover atau belum bagaimana ya?,Problem
Ingin merubah paket,lainnya
sudah restart masih lambat,Problem
i wanna ask to create a trouble ticket,lainnya
biznet home,lainnya
ingin ganti paket aja,Information
"saya cek udah tercover, saya bisa ajukan sendiri atau perlu oleh customer ya?",lainnya
Customer Service,lainnya
i wanna terminate my account,lainnya
Cara relokasi bagaimana?,Information
customer service,lainnya
Berapa lama prosesnya?,lainnya
Berapa biaya relokasi?,Information
bagaimana cara cek cakupan area?,lainnya
"Kendal, Bangunkerto, Turi, Sleman, Yogyakarta",lainnya
Saya mau relokasi,Information
Internet saya up and down,lainnya
Bagaimana apabila alamat baru tidak tercakup untuk relokasi?,Information
Request dong mau ikut promo,Information
Ada biaya penalty untuk terminasi?,Request
mau tanya paket,lainnya
cara relokasi,Information
alamat saya sudah tercover belum ya?,lainnya
kalau dirumah pakai smart tv dan cctv pakai yang mana ya?,lainnya
ada promo apa bulan ini?,Information
bukan disitu alamatnya,lainnya
Kalau karena internet lambat apakah ada penalty untuk terminasi?,Problem
wilayah sukawati bali,lainnya
baru berlangganan,Information
Info produk Biznet home,lainnya
Saya mau tanya pembayaran biznet bisa apa saja.,Information
biznet home yang berapa ya?,lainnya
aku gabisa bayar lewat VA BCA,Information
bisa di jelaskan detail harga masing masing dari promo tersebut,Information
mau tanya cakupan min,lainnya
berapa harga layanan Biznet Home Internet 1D,lainnya
apakah bisa diinformasikan status perangkat modem saya ini sewa atau beli?,Information
berapa lama massa kontrak berlangganan biznet?,Information
saya ingin tanya Biznet,lainnya
mau nanya desember ini ada promo apaan aja ya?,Information
Tolong cek jaringan saya,Problem
apakah biznet home tercover area cibinong?,lainnya
lagi ada promo apa yah?,Information
saat ini internet ku down,lainnya
mau ganti paket,Information
Berapa harga 1 unit IPTV?,lainnya
Mau ikut promo bisa,Information
Payment,lainnya
saya ga bs bayar via VA,Information
boleh diinformasikan promo Biznet Home?,Information
selain itu ada promo apa lagi? itu doang?,Information
ada paket apa saja di biznet home?,lainnya
internet saya down,lainnya
Kalau kendala internet mati saya harus bagaimana?,Problem
Bayar promo,Information
cara berlangganan baru bagaimana?,Information
apakah dapat ip publik?,lainnya
apakah pembayarannya bisa menggunakan kartu kredit?,Information
tanya produk,lainnya
mau ganti paket ke Biznet Home yang lebih tinggi,Information
Pembayaran lewat UOB bisa atau tidak?,Information
gak ada promo spesial tahun baru?,Information
baik terimakasih,lainnya
ikut promo,Information
kalau pasang baru apa dapat promo juga?,Information
Kok lama,lainnya
Promo 2025,Information
promo di nusa tenggara,Information
engga dulu deh,lainnya
sudah restart modem masih sama,Information
Saya mau ubah nama wifi,lainnya
ada paket paling murah berapa?,lainnya
"Kalau tidak ada lampu merah LOS, namun lampu PON berkedip, apa yang harus saya lakukan?",Information
kurang menarik promonya,Information
ke Biznet Home 3D bisa ga?,lainnya
Apakah tidak ada promo tahun baru?,Information
apakah ada promo khusus untukku?,Information
biznet home 0dn,lainnya
cara daftar nya gimana?,Information
Klo ubah password?,Information
Saya ada kendala pembayaran nih,Information
Promo apa yang saat ini tersedia?,Information
ada indikator loss merah,lainnya
Internet,lainnya
Kalo mau relokasi dong,Information
Inet saya down,lainnya
tahun depan ppn nya berapa? 11% atau 12%,lainnya
nanya perihal promo,Information
bisa diinformasikan biaya bulanan saya saat ini berapa?,Request
berapa lama proses intalasinya?,lainnya
Mau bayar,Information
Bagaimana cara cek ping dan tracert apabila ada kendala akses website?,lainnya
"Tidak cukup, terima kasih",lainnya
Gimana promo nya,Information
mau tanya paket yang available apa ajaa ya?,lainnya
sebutkan cara yang lengkap untuk pergantian data,lainnya
Dimana saya bisa mendapatkan username dan password untuk login ke my biznet tersebut?,Information
cara bayar biznet home ?,Information
Virtual account betapa,lainnya
kabel nya ada yang putus kaya nya min,Problem
ok terima kasih,lainnya
apa ada kontak sales yang bisa saya hubungi?,lainnya
"Kalau ada kendala akses aplikasi, apakah perlu cek ping dan tracert juga?",Information
bayar dengan cara di cicil apakah bisa ?,Information
Terminate gimana?,lainnya
apakah ada promo 6+6?,Information
saya mau relokasi,Information
ga punya akunnya,Information
bayar dengan cara hutang ?,Information
minta nomornya,lainnya
jadi bagaimana cara termudah untuk dapat saya order promo tersebt,Information
promo 2+1 saja,Information
"selain kartu kredit, pembayarannya bisa menggunakan apa aja ya?",Information
saya tidak mau ribet,lainnya
Apakah ada promo 2+1,Information
ada whatsappnya ga?,lainnya
bagaimana cek ping dan tracert aplikasi di android?,Information
mahal soalnya klo telp ke contact center,lainnya
pakai yang 0D bisa gak?,lainnya
Bisa di info aja nomor va buat bayar,Information
Untuk promo nya?,Information
apakah bisa untuk relokasi?,Information
kantor cabang di cibinong dimana?,lainnya
maksimal penarikan kabel berapa meter,lainnya
Promo 12+5,Information
"tidak ada paket 1B, adanya paket 1D?",lainnya
Username sama pass loginnya apa ?,Information
tolong di bantu promo 3+1,Information
tagihan di bayarin teman ?,Information
"masih kemahalan promonya, ada promo yang lebih murah nggk?",Information
pembayarannya bisa di store terdekat gak?,Information
saya ada 7 perangkat aktif di rumah,lainnya
bagaimana kalo tagihan belum dibayarkan ?,Information
saya mau promo yang 2+1 ada nggak?,Information
"Siang, saya Ganjar saya mau berlangganan layanan internet dan TV untuk dirumah saya. Di Biznet ini layanannya apa saja ya?",Information
"di my biznet no promo available, kenapa?",Information
Lambat internet,Problem
saya buka dari aplikasinya kok ada?,Information
beda gini sih jawabannya,lainnya
Tidak jadi ikut promo,Information
Mau bulanan saja,lainnya
boleh dibantu promo apa saja yang berlaku?,Information
kalau 1D gimana?,lainnya
"saya ingin melakukan pembayaran namun nama yang tertera pada virtual account saya tidak sesuai, saya harus bagaimana",Information
"ok, kalau tempat saya untuk rt rw net apa bisa dipasang?",lainnya
Speed test cuma dapat 10 mbps,lainnya
pembayarannya bisa di branch terdekat gak?,Information
pembayaran di tolak,Information
Bagaimana cara ganti ssid dan password wifi?,Information
"terimakasih, siapa nama atasan anda ?",lainnya
Masih sama ini,lainnya
kalau untuk kantor apa bisa pakai biznet home?,lainnya
Kenapa kendala terus ya ini,lainnya
tadi katanya nggak ada,lainnya
kalo sudah beberapa kali disambung gimana itu min kabel nya,lainnya
kalau ruko apa bisa pakai biznet home?,lainnya
Coba cek sama minta teknisi cek ke rumah,Problem
ada promo gak?,Information
saya belum terbantu ini,lainnya
kalau metode pembayarannya bisa dengan apa saja?,Information
cara pembayaran mebbunakan livin mandiri,Information
Langsung aja kirim teknisi,Problem
cara bayar,Information
lebih baik ordernya lewat mana nih?,lainnya
lewat WA ini atau aplokasi saja?,lainnya
Saya sudah bayar tapi internetnya belum bisa digunakan. Kenapa ya?,Information
berapa maksimal power modem min?,Information
Klo ngga ada yg dateng,lainnya
Saya terminate aja lah,lainnya
pemasangan baru promo tahunan jadi berapa?,Information
tagihan dan virtual account berbeda ?,Request
cara lain ada ngga,lainnya
"Boleh Kak, alamat rumah saya di Komplek Depnaker, Jl Parkit Blok C. 48, jaka setia, bekasi Selatan Kota Bekasi 17147",lainnya
saya kan punya id lain,lainnya
"Saya sudah bayar, kenapa masih ada tagihan di virtual account?",Information
dan info adik saya lagi kendala,lainnya
internet cepat tanpa FUP,lainnya
kalau dengan cicilan kartu kredit apakah bisa?,lainnya
Saya mau bertanya,lainnya
"alamat saya belum tercover, harus gimana biar ke cover?",lainnya
mau terhubung ke CS,lainnya
kalau 9+3 jadi berapa?,lainnya
km namanya emang siapa ya?,lainnya
kalo internet saya sering lamabt knp?,lainnya
Saya punya id lain,lainnya
Apakah bisa melakukan pembayaran dengan kartu kredit?,Information
bantu aku donk,lainnya
promo untuk tahun depan apa ya?,Information
Tolong diinformasikan paket layanan yang tersedia untuk rumah saya,lainnya
apa ada paket dengan tv?,lainnya
tidak ada promo free biaya instalasi?,Information
Formulir autodebet CC bisa didapat di mana?,lainnya
harganya berapa?,lainnya
koneksi dirumah saya lemot yah,lainnya
apa bisa mendaftarkan autodebet untuk pembayaran biznet?,Information
Mau beli promo,Information
bisa pakai STB merek lain?,lainnya
Saya mau yang layanan Home internet 1D,lainnya
saya minta info promo lagi dong,Information
Cara bayar tokopedia,Information
promo,Information
"kenapa gak bisa bantu cek, kan IDnya sudah saya info",lainnya
iya iya nggak usah di bom chat gtu dong,lainnya
status akunnya gimana?,Information
"Saya tidak bisa bayat, Infonya no anda tidak terdaftar,",Information
Internet saya ga bisa konek ke iphone kak,lainnya
mau order paket internet biznet di banten,lainnya
ada promo untuk iptv?,Information
"minta detail dan pastinya dong buat harga dari promo, lebih baik saya pilih ya mana nih?",Information
Saya membutuhkan layanan internet dengan penggunaan IP Static apakah Biznet menyediakan?,lainnya
berapa hari estimasi pemasangan?,lainnya
mau tanya paket yang available apa ajaa ya?,lainnya
ada daftar channel nya ga?,Information
kalau terdaftar autodebet apakah tetap bisa mengikuti promo?,Information
apakah ada sales yang bisa saya hubungi?,lainnya
bagaimana cara untuk pemutusan jaringan?,Problem
mau tanya paket yang available apa ajaa yaa untuk area jakarta?,lainnya
udh restart router masih sama,Information
ga ada HBO ya?,lainnya
ada nomor wa sales area gianyar?,lainnya
Saya gabisa bayar,Information
Kalau terdaftar autodebet bagaimana langkah untuk terminasi?,Information
di bogor apa bisa pasang IPTV nya saja tanpa internet,lainnya
Saya ada kendala pembayaran,Information
bukannya promo 12+5 itu benarnya  12+6 ya,Information
jadi dari sini urang update informaisnya ya?,lainnya
"teman saya ada pakai biznet metronet, apa bisa dipasang biznet iptv di akunnya?",Information
Kalau begitu cara pendaftaran layanan Biznet Home bagai mana?,Information
biznet ada layanan apa saja?,lainnya
Berapa lama proses terminasi?,lainnya
saya ada 2 router dengan 15 perangkat,Information
call center biznet home,lainnya
apakah tidak ada biaya waive untuk pinalty nya,Request
misal saya baut order berapa lama linknya bisa dibayar ya?,Information
Mau rubah password gimana caranya?,Information
promo yang available apa aja ya?,Information
"Kalau sudah isi formulir terminasi namun ada tagihan masuk ke email, apa yang harus saya lakukan?",Request
"Saya mau yang layanan Biznet Home Internet 1D, tolong saya diberikan detail harganya?",lainnya
Apakah ada promo 6+6?,Information
ini belom dibales,lainnya
kemarin saya ditawarin promo itu,Information
ada HBO?,lainnya
tanya produk,lainnya
bayar lewat mana cok,Information
Tolong berikan saya detail harganya termasuk dengan PPN dengan sewa modem,Information
berapa saja kecepatan paket biznet,lainnya
kata SPV saya unlimited selama order masih ada?,lainnya
anda kenal SPV saya nggak?,lainnya
Kenapa 1500933 sulit dihubungi?,lainnya
kendala tagihan berbeda,Request
kalau news ada apa aja?,lainnya
kalo buat bayar lebih cepat lewat mana ya?,Information
produk yang murah meriah,lainnya
router apa yg recomended?,Information
"Saya mau yang dengan beli modem saja deh, tolong berikan detail harnganya Kak",Information
bayarin dong min,Information
kalau produk lainnya apa aja ya,lainnya
bulan depan gua ganti,lainnya
ada lagi ga paket lainnya,lainnya
Mau tau cara ganti password wifi gimana ya?,Information
"saya mau pasang iptv, berapa harga untuk pemasangan paket iptv?",lainnya
kalo paket perusahaan ada ngga,lainnya
tolong transferin uang ke saya dong buat bayar biznet ini,Information
Untuk layanan internet dan TV d biznet apaan aja?,lainnya
pemasangan nya dari siapa nanti?,lainnya
"kan lu assisten, bantuin gua lah buat bayar ini tagihan",Information
Kalo ganti password Wifi gimana?,Information
Apakah ada promo berlangganan baru saat ini?,Information
"iya kendala bayar, karena uangnya belum ada, gimana nih bot",Information
internet tidak bisa digunakan,lainnya
Untuk area sumatra ada paket apa aja?,lainnya
apa ada nat geo di chanel IPTV nya?,lainnya
memang kapan masa tenggang akun gua?,Information
"Boleh, tolong beritahu saya paket layanannya apa saja",lainnya
Kalau mau tambah aku biznet baru dengan KTP yang sama apakah bisa?,lainnya
saya mau chat dengan customer service,lainnya
"iya kapan tanggalnya, butuh tanggal pastinya jatoh di tanggal berapa",lainnya
Cara change data dong,lainnya
sisa kuota saya brp?,lainnya
Saya mau yang kombinasi paket internet dan IPTV,lainnya
"Kalau ada kabel yang terputus, berapa lama tim teknisi akan datang melakukan perbaikan?",Problem
emang itu kalo nggak bayar bakal di ambil modemnya,Information
saya mau ikut promo 8+4,Information
saya taunya modem sajya sewa atau beli dimana?,Information
Apakah layanan saya bisa dilakukan relokasi ke daerah sumatra barat?,Information
"Kalau dalam waktu 1x24 jam tidak ada kunjungan tim teknisi, apakah akan ada kompensasi?",Problem
Kalo mau nambah IPTV gimana?,lainnya
Mau change emial aku bisa ga di Biznet,lainnya
Mau promo 12+5 ada ga?,Information
"ya ga mau tau, saya kemarin ditawarin promo 8+4",Information
apakah perlu hubungin Customer Service?,lainnya
kenapa massa aktif saya selalu maju?,lainnya
Tolong berikan saya detail harganya untuk paket internet dan IPTV,lainnya
"Saya salah bayar ke nomor virtual account orang lain, apa yang harus saya lakukan?",Information
Untuk pembayaran kemana ya?,Information
bisa perubahan data ga?,lainnya
Apa kesalahan bayar ke akun lain bisa direfund?,Information
Kalo ganti paket gimana?,Information
Untuk trasnfer bank ada bank apa saja?,lainnya
apakah bisa mengganti email dan nomor hp di kaun?,lainnya
apa bisa ganti kepemilikan biznet?,lainnya
kalo mau ikut promo 3+1 gmn ya?,Information
Apakah bisa mengganti nama menggunakan nama PT?,lainnya
"Masa aktif masih 3 bulan lagi, mau change packet bisa min?",lainnya
pembayaran apa saja yang disediakan oleh biznet,Information
"Masa aktif masih 3 bulan lagi, mau ikut promo bisa?",Information
Kalau saya tidak memiliki Bank dari ke-4 bank tersebut gimana? Saya punyanya bank BRI,lainnya
saya ga bisa buka detik.com,lainnya
nggak mau udahan aja ah,lainnya
saya bisa dapet promo apa?,Information
kenapa saya menerima tagihan atas nama orang lain?,Request
Untuk transfer antar bank ini menggunakan virtual account apa gimana?,Information
bisa dirincikan untuk biaya promonya?,Information
saya mau *12+5 *,lainnya
"Saya kan hanya puna Bank BRI saja, berati nanti saya transfernya ke Bank apa ya?",Information
"tidak ada promo tersedia di my Biznet, gimana?",Information
internet aku putus min tidak bisa dipakai,Problem
bagaiamana cara setting router?,Information
Maksudnya setting router tambahan atau extender,Information
Untuk layanan Biznet home ini ada kontrak berlangganannya ga?,Information
saya mau promo 12+5,Information
Promo terbaru,Information
pembayaran biznet home bisa make bank apa aja ya??,Information
Promo desember apa,Information
koneksi dirumah saya lemot yah,lainnya
Saya tidak bisa bayar VA BCA,Information
Kalo modem dibawa pindah sendiri bisa ngga,Information
mau ikut promo,Information
Apabila saya berlangganan dengan sewa modem apakah nantinya bisa beli perangkat modem?,Information
Lokasi desa ketumping udah kofer blm,lainnya
kalo lewat shoope ga bisa ya?,lainnya
saya tidak ada pulsa jadi disini saja saya komplainnya,lainnya
internet mati,Problem
Apabila nanti saya terminasi lalu saya berlangganan lagi apakah bisa?,Information
why mu quota doesnt decreased?,lainnya
kalo saya bayar di jam 12 malam apakah bisa langsung aktit atau bertambah?,Information
min internet saya mati,Problem
Koneksi down,lainnya
status internet,lainnya
internet saya mati nih,Problem
my quota didn't decreased any at all,lainnya
interner down,lainnya
internet aku gabisa dipakai,lainnya
down,lainnya
ini juga koneksi internetnya putus nyambung,Problem
Biznet Home,lainnya
ada promo apa?,Information
Biznet Dedicated,lainnya
saya mau tanya produk biznet home apa saja,lainnya
i have red blinking lamp on my modem what should i do?,Information
ganti paket,Information
saya mau ubah nama akun apakah bisa?,Information
biznet home,lainnya
"please  check my account 5501147 , I forgot the service",lainnya
paket metronet,lainnya
lagi ada promo apa min?,Information
Biznet homr,lainnya
mau tanya quota,lainnya
Connection Down,lainnya
Apakah 2025 PPN biznet jadi 12%?,lainnya
Boleh minta metode pembayaran layanan Home,Information
"saya mau yg gamers, apa bisa di pasang di toko saya?",lainnya
koneksi saya gk bisa dipake,lainnya
internet cepat,lainnya
biznet home,lainnya
Mau tanya inet saya down,lainnya
Biznet Home,lainnya
biznet home,lainnya
kalo saya mau relokasi gimana caranya?,Information
mau relokasi,Information
waaaa you only can check based on billing number?,lainnya
mau cek sisa quota,lainnya
Jalan Melawai kebayoran baru,lainnya
"jakarta timur, cakung",Information
ngga bisa di info disini ya,lainnya
caranya bagaimana,lainnya
indikator modem jika down,Information
saya sudah restart tapi masih mati,Problem
dapat IP publik statik ga ya?,lainnya
mau relokasi,Information
min internet mati,Problem
bagaimana caranya login ke mybiznet ?,Information
"Biznet Home, internet DOWN",lainnya
saya mau tanya tentang promo,Information
internet down,lainnya
soalnya ini internet lambat,Problem
internet saya slow pas beut nich. ads yang bisa tangani gk kawan?,lainnya
"saya perlu internet di rumah dan TV, apakah ada?",lainnya
min internet saya mati,Problem
"No, I just want to chat with you Bella",lainnya
promo biznet home,Information
tanya promo yang ada,Information
internet saya mati,Problem
sudah di restart koneksi jadi mati,Problem
saya mau ganti paket ke yg lebih murah gimana caranya?,Information
untuk pembayaran apakah bisa ditangguhkan,Information
layanan metronet itu apa,lainnya
please help me order promo 3+1,Information
apa ada promo yg tersedia saat ini?,Information
Connection intermitten,lainnya
Kalau saya lewat tanggal masa aktif akun nanti gimana nasib saya?,Information
sorry udah aktif lagi nih,lainnya
Indikator modem huwawei saya berwarna merah,Information
dikarenakan kondisi keuangan saya maka saya minta ditangguhkan dibulan depan,lainnya
relokasi,Information
sudah di restart tapi kendala lambat masih juga ya,Problem
koneksi saya down,lainnya
apa ada IPTV?,lainnya
untuk cek speed di mana ya,lainnya
ada paket apa saja IPTV?,lainnya
berapa harga modem?,Information
internet saya down,lainnya
"halo, apa bisa dibantu untuk berlangganan",Information
Hi bella saya ingin cek internet saya apakah aman di sistem?,lainnya
payment problem,lainnya
biznet home,lainnya
"hai, aku customer internetku naik turun deh",lainnya
Connection Slow,lainnya
biznet metronet,lainnya
saya ada kendala internet dilokasi tidak bisa digunakan dan ada loss merah,lainnya
promo metronet,Information
saya ingin tau dulu harganya,lainnya
"hasil speed test cuma 10 mbps, memang berapa ya kecepatan layanan saya",lainnya
Biznet Home,lainnya
Kendala internet loss merah,lainnya
saya mau tambah data nomor telp,lainnya
terima kasih untuk ganti modem gimana,Information
Promo metronet,Information
Pada point satu berapa lama diberikan waktunya?,lainnya
Internet Down,lainnya
"Kendala internet slow, gimana nih",lainnya
mau dong channel lengkapnya,lainnya
Biznet Metronet,lainnya
pilihan internet untuk kantor,lainnya
harga mesh wifi berapa?,lainnya
Apakah modem Biznet sudah 1G,Information
apakah mybiznet sudah tersedia di appstore atau playstore ?,Information
i have issu with my quota which is has been renewed since a week ago but didn't decreased any at all,lainnya
Biznet Metronet,lainnya
"mau tanya paket promo yang tersedia skrg, tidak mau ke customer service",Information
"Biznet Home,",lainnya
harga modem berapa?,Information
kapan mybiznet ada di appstore?,Information
Saya tidak bisa melakukan pembayaran melalui Bank Danamon,Information
untuk promo biznet home ada apa saja?,Information
"Min internet saya putus sambung dari sore tadi, modem ga di otak atik",Problem
